time,symbol,price,volume
2026-03-25 16:45:18,BINANCE:BTCUSDT,71263.02,0.002
2026-03-25 16:45:19,BINANCE:BNBUSDT,649.54,0.009
2026-03-25 16:45:19,BINANCE:BNBUSDT,649.54,0.008
2026-03-25 16:45:19,BINANCE:BNBUSDT,649.54,0.009
2026-03-25 16:45:19,BINANCE:BTCUSDT,71263.01,8e-05
2026-03-25 16:45:19,BINANCE:BNBUSDT,649.54,0.009
2026-03-25 16:45:19,BINANCE:BNBUSDT,649.54,0.009
2026-03-25 16:45:19,BINANCE:BTCUSDT,71263.01,8e-05
2026-03-25 16:45:19,BINANCE:BNBUSDT,649.54,0.009
2026-03-25 16:45:19,BINANCE:BTCUSDT,71263.01,8e-05
2026-03-25 16:45:19,BINANCE:BTCUSDT,71263.01,8e-05
2026-03-25 16:45:19,BINANCE:BNBUSDT,649.54,0.008
2026-03-25 16:45:19,BINANCE:BTCUSDT,71263.01,8e-05
2026-03-25 16:45:19,BINANCE:BNBUSDT,649.54,0.009
2026-03-25 16:45:19,BINANCE:BTCUSDT,71263.01,8e-05
2026-03-25 16:45:19,BINANCE:BTCUSDT,71263.01,8e-05
2026-03-25 16:45:19,BINANCE:BTCUSDT,71263.01,8e-05
2026-03-25 16:45:19,BINANCE:BTCUSDT,71263.01,8e-05
2026-03-25 16:45:19,BINANCE:BTCUSDT,71263.01,8e-05
2026-03-25 16:45:19,BINANCE:BTCUSDT,71263.01,8e-05
2026-03-25 16:45:19,BINANCE:BTCUSDT,71263.01,8e-05
2026-03-25 16:45:19,BINANCE:BTCUSDT,71263.01,8e-05
2026-03-25 16:45:19,BINANCE:BTCUSDT,71263.01,8e-05
2026-03-25 16:45:19,BINANCE:BTCUSDT,71263.01,8e-05
2026-03-25 16:45:19,BINANCE:BTCUSDT,71263.01,8e-05
2026-03-25 16:45:19,BINANCE:BTCUSDT,71263.01,8e-05
2026-03-25 16:45:19,BINANCE:BTCUSDT,71263.01,8e-05
2026-03-25 16:45:19,BINANCE:BTCUSDT,71263.01,8e-05
2026-03-25 16:45:19,BINANCE:BTCUSDT,71263.01,8e-05
2026-03-25 16:45:19,BINANCE:BTCUSDT,71263.01,8e-05
2026-03-25 16:45:19,BINANCE:BTCUSDT,71263.01,8e-05
2026-03-25 16:45:19,BINANCE:BTCUSDT,71263.01,8e-05
2026-03-25 16:45:19,BINANCE:BTCUSDT,71263.01,8e-05
2026-03-25 16:45:19,BINANCE:BTCUSDT,71263.01,8e-05
2026-03-25 16:45:19,BINANCE:BTCUSDT,71263.01,8e-05
2026-03-25 16:45:19,BINANCE:BNBUSDT,649.54,0.008
2026-03-25 16:45:19,BINANCE:BTCUSDT,71263,8e-05
2026-03-25 16:45:19,BINANCE:BNBUSDT,649.54,0.009
2026-03-25 16:45:19,BINANCE:BNBUSDT,649.54,0.009
2026-03-25 16:45:19,BINANCE:BTCUSDT,71263,8e-05
2026-03-25 16:45:19,BINANCE:BNBUSDT,649.54,0.009
2026-03-25 16:45:19,BINANCE:BNBUSDT,649.54,0.009
2026-03-25 16:45:19,BINANCE:BNBUSDT,649.54,0.009
2026-03-25 16:45:19,BINANCE:BTCUSDT,71263,8e-05
2026-03-25 16:45:19,BINANCE:BNBUSDT,649.54,0.009
2026-03-25 16:45:19,BINANCE:BTCUSDT,71263,8e-05
2026-03-25 16:45:19,BINANCE:BNBUSDT,649.54,0.008
2026-03-25 16:45:19,BINANCE:BTCUSDT,71263,8e-05
2026-03-25 16:45:19,BINANCE:BTCUSDT,71263,8e-05
2026-03-25 16:45:19,BINANCE:BTCUSDT,71263,8e-05
2026-03-25 16:45:19,BINANCE:BTCUSDT,71263,8e-05
2026-03-25 16:45:19,BINANCE:BTCUSDT,71263,8e-05
2026-03-25 16:45:19,BINANCE:BTCUSDT,71263,8e-05
2026-03-25 16:45:19,BINANCE:BTCUSDT,71262.52,8e-05
2026-03-25 16:45:19,BINANCE:BTCUSDT,71262.52,8e-05
2026-03-25 16:45:19,BINANCE:BTCUSDT,71260.85,8e-05
2026-03-25 16:45:19,BINANCE:BTCUSDT,71260.85,8e-05
2026-03-25 16:45:19,BINANCE:BTCUSDT,71260.85,8e-05
2026-03-25 16:45:19,BINANCE:BTCUSDT,71260.85,8e-05
2026-03-25 16:45:19,BINANCE:BTCUSDT,71260.85,8e-05
2026-03-25 16:45:19,BINANCE:BTCUSDT,71260.58,8e-05
2026-03-25 16:45:19,BINANCE:BTCUSDT,71260.11,8e-05
2026-03-25 16:45:19,BINANCE:BTCUSDT,71259.96,8e-05
2026-03-25 16:45:19,BINANCE:BTCUSDT,71259.32,8e-05
2026-03-25 16:45:19,BINANCE:BTCUSDT,71259.32,0.00027
2026-03-25 16:45:19,BINANCE:BTCUSDT,71259.32,8e-05
2026-03-25 16:45:19,BINANCE:ETHUSDT,2181.06,0.0023
2026-03-25 16:45:19,BINANCE:ETHUSDT,2181.06,0.0023
2026-03-25 16:45:19,BINANCE:ETHUSDT,2181.06,0.0023
2026-03-25 16:45:19,BINANCE:ETHUSDT,2181.06,0.0024
2026-03-25 16:45:19,BINANCE:ETHUSDT,2181.06,0.0047
2026-03-25 16:45:19,BINANCE:ETHUSDT,2181.06,0.0025
2026-03-25 16:45:19,BINANCE:ETHUSDT,2181.06,0.0023
2026-03-25 16:45:19,BINANCE:ETHUSDT,2181.06,0.0047
2026-03-25 16:45:19,BINANCE:ETHUSDT,2181.06,0.1972
2026-03-25 16:45:19,BINANCE:BNBUSDT,649.54,0.009
2026-03-25 16:45:19,BINANCE:BNBUSDT,649.54,0.009
2026-03-25 16:45:19,BINANCE:BNBUSDT,649.54,0.008
2026-03-25 16:45:19,BINANCE:BNBUSDT,649.54,0.009
2026-03-25 16:45:19,BINANCE:BNBUSDT,649.54,0.009
2026-03-25 16:45:19,BINANCE:BNBUSDT,649.54,0.009
2026-03-25 16:45:19,BINANCE:BNBUSDT,649.54,0.009
2026-03-25 16:45:19,BINANCE:BNBUSDT,649.54,0.008
2026-03-25 16:45:19,BINANCE:BNBUSDT,649.54,0.009
2026-03-25 16:45:19,BINANCE:BNBUSDT,649.53,0.008
2026-03-25 16:45:19,BINANCE:BNBUSDT,649.53,0.009
2026-03-25 16:45:19,BINANCE:ETHUSDT,2181.06,0.0023
2026-03-25 16:45:19,BINANCE:ETHUSDT,2181.06,0.0088
2026-03-25 16:45:19,BINANCE:ETHUSDT,2181.06,0.0136
2026-03-25 16:45:19,BINANCE:ETHUSDT,2181.06,0.017
2026-03-25 16:45:19,BINANCE:BNBUSDT,649.53,0.009
2026-03-25 16:45:19,BINANCE:ETHUSDT,2181.06,0.0116
2026-03-25 16:45:19,BINANCE:BNBUSDT,649.53,0.009
2026-03-25 16:45:19,BINANCE:ETHUSDT,2181.06,0.0024
2026-03-25 16:45:19,BINANCE:BNBUSDT,649.53,0.008
2026-03-25 16:45:19,BINANCE:BNBUSDT,649.53,0.008
2026-03-25 16:45:19,BINANCE:BNBUSDT,649.53,0.009
2026-03-25 16:45:19,BINANCE:BNBUSDT,649.53,0.009
2026-03-25 16:45:19,BINANCE:BNBUSDT,649.53,0.009
2026-03-25 16:45:19,BINANCE:BNBUSDT,649.53,0.001
2026-03-25 16:45:19,BINANCE:BNBUSDT,649.53,0.008
2026-03-25 16:45:19,BINANCE:BNBUSDT,649.53,0.009
2026-03-25 16:45:19,BINANCE:BNBUSDT,649.53,0.009
2026-03-25 16:45:19,BINANCE:ETHUSDT,2181.06,0.0023
2026-03-25 16:45:19,BINANCE:BNBUSDT,649.53,0.009
2026-03-25 16:45:19,BINANCE:ETHUSDT,2181.06,0.0023
2026-03-25 16:45:19,BINANCE:BNBUSDT,649.53,0.009
2026-03-25 16:45:19,BINANCE:ETHUSDT,2181.06,0.0023
2026-03-25 16:45:19,BINANCE:BNBUSDT,649.53,0.009
2026-03-25 16:45:19,BINANCE:ETHUSDT,2181.06,0.0023
2026-03-25 16:45:19,BINANCE:BNBUSDT,649.53,0.008
2026-03-25 16:45:19,BINANCE:BNBUSDT,649.53,0.009
2026-03-25 16:45:19,BINANCE:ETHUSDT,2181.06,0.0023
2026-03-25 16:45:19,BINANCE:BNBUSDT,649.53,0.009
2026-03-25 16:45:19,BINANCE:BNBUSDT,649.53,0.008
2026-03-25 16:45:19,BINANCE:BNBUSDT,649.53,0.008
2026-03-25 16:45:19,BINANCE:ETHUSDT,2181.06,0.0023
2026-03-25 16:45:19,BINANCE:BNBUSDT,649.52,0.001
2026-03-25 16:45:19,BINANCE:ETHUSDT,2181.06,0.0023
2026-03-25 16:45:19,BINANCE:BNBUSDT,649.52,0.008
2026-03-25 16:45:19,BINANCE:BNBUSDT,649.52,0.009
2026-03-25 16:45:19,BINANCE:ETHUSDT,2181.06,0.0023
2026-03-25 16:45:19,BINANCE:BNBUSDT,649.52,0.009
2026-03-25 16:45:19,BINANCE:ETHUSDT,2181.06,0.0023
2026-03-25 16:45:19,BINANCE:BNBUSDT,649.52,0.008
2026-03-25 16:45:19,BINANCE:ETHUSDT,2181.06,0.0023
2026-03-25 16:45:19,BINANCE:BNBUSDT,649.52,0.008
2026-03-25 16:45:19,BINANCE:ETHUSDT,2181.06,0.0023
2026-03-25 16:45:19,BINANCE:BNBUSDT,649.52,0.009
2026-03-25 16:45:19,BINANCE:BNBUSDT,649.52,0.009
2026-03-25 16:45:19,BINANCE:BNBUSDT,649.52,0.009
2026-03-25 16:45:19,BINANCE:BNBUSDT,649.52,0.009
2026-03-25 16:45:19,BINANCE:BNBUSDT,649.52,0.008
2026-03-25 16:45:19,BINANCE:BNBUSDT,649.52,0.009
2026-03-25 16:45:19,BINANCE:ETHUSDT,2181.05,0.0025
2026-03-25 16:45:19,BINANCE:BNBUSDT,649.52,0.009
2026-03-25 16:45:19,BINANCE:BNBUSDT,649.52,0.009
2026-03-25 16:45:19,BINANCE:BNBUSDT,649.52,0.009
2026-03-25 16:45:19,BINANCE:ETHUSDT,2181.05,0.0025
2026-03-25 16:45:19,BINANCE:BNBUSDT,649.52,0.009
2026-03-25 16:45:19,BINANCE:ETHUSDT,2181.05,0.0024
2026-03-25 16:45:19,BINANCE:BNBUSDT,649.52,0.009
2026-03-25 16:45:19,BINANCE:ETHUSDT,2181.05,0.0024
2026-03-25 16:45:19,BINANCE:BNBUSDT,649.52,0.008
2026-03-25 16:45:19,BINANCE:ETHUSDT,2181.04,0.0024
2026-03-25 16:45:19,BINANCE:BNBUSDT,649.52,0.009
2026-03-25 16:45:19,BINANCE:BNBUSDT,649.52,0.009
2026-03-25 16:45:19,BINANCE:ETHUSDT,2181.04,0.0024
2026-03-25 16:45:19,BINANCE:BNBUSDT,649.52,0.009
2026-03-25 16:45:19,BINANCE:BNBUSDT,649.52,0.009
2026-03-25 16:45:19,BINANCE:BNBUSDT,649.52,0.009
2026-03-25 16:45:19,BINANCE:ETHUSDT,2181.04,0.0025
2026-03-25 16:45:19,BINANCE:BNBUSDT,649.52,0.009
2026-03-25 16:45:19,BINANCE:ETHUSDT,2181.03,0.0023
2026-03-25 16:45:19,BINANCE:BNBUSDT,649.52,0.008
2026-03-25 16:45:19,BINANCE:BNBUSDT,649.52,0.009
2026-03-25 16:45:19,BINANCE:ETHUSDT,2181.03,0.0025
2026-03-25 16:45:19,BINANCE:BNBUSDT,649.52,0.009
2026-03-25 16:45:19,BINANCE:BNBUSDT,649.52,0.008
2026-03-25 16:45:19,BINANCE:ETHUSDT,2181.03,0.0024
2026-03-25 16:45:19,BINANCE:BNBUSDT,649.52,0.008
2026-03-25 16:45:19,BINANCE:ETHUSDT,2181.03,0.0023
2026-03-25 16:45:19,BINANCE:BNBUSDT,649.51,0.008
2026-03-25 16:45:19,BINANCE:ETHUSDT,2181.01,0.0023
2026-03-25 16:45:19,BINANCE:BNBUSDT,649.51,0.009
2026-03-25 16:45:19,BINANCE:ETHUSDT,2181.01,0.0025
2026-03-25 16:45:19,BINANCE:BNBUSDT,649.51,0.008
2026-03-25 16:45:19,BINANCE:BNBUSDT,649.51,0.009
2026-03-25 16:45:19,BINANCE:ETHUSDT,2181.01,0.0024
2026-03-25 16:45:19,BINANCE:BNBUSDT,649.51,0.008
2026-03-25 16:45:19,BINANCE:BNBUSDT,649.51,0.008
2026-03-25 16:45:19,BINANCE:BNBUSDT,649.5,0.008
2026-03-25 16:45:19,BINANCE:ETHUSDT,2181.01,0.0144
2026-03-25 16:45:19,BINANCE:BNBUSDT,649.5,0.008
2026-03-25 16:45:19,BINANCE:BNBUSDT,649.5,0.009
2026-03-25 16:45:19,BINANCE:ETHUSDT,2181.01,0.0023
2026-03-25 16:45:19,BINANCE:BNBUSDT,649.5,0.009
2026-03-25 16:45:19,BINANCE:ETHUSDT,2181.01,0.0023
2026-03-25 16:45:19,BINANCE:BNBUSDT,649.49,0.016
2026-03-25 16:45:19,BINANCE:BNBUSDT,649.49,0.916
2026-03-25 16:45:19,BINANCE:ETHUSDT,2181.01,0.0023
2026-03-25 16:45:19,BINANCE:BNBUSDT,649.49,0.008
2026-03-25 16:45:19,BINANCE:ETHUSDT,2181.01,0.0023
2026-03-25 16:45:19,BINANCE:BNBUSDT,649.49,0.009
2026-03-25 16:45:19,BINANCE:BNBUSDT,649.49,0.008
2026-03-25 16:45:19,BINANCE:ETHUSDT,2181,0.0023
2026-03-25 16:45:19,BINANCE:BNBUSDT,649.49,0.008
2026-03-25 16:45:19,BINANCE:ETHUSDT,2181,0.003
2026-03-25 16:45:19,BINANCE:BTCUSDT,71263.01,0.00032
2026-03-25 16:45:19,BINANCE:ETHUSDT,2181,0.0025
2026-03-25 16:45:19,BINANCE:BTCUSDT,71263.01,0.00015
2026-03-25 16:45:19,BINANCE:ETHUSDT,2180.99,0.0024
2026-03-25 16:45:19,BINANCE:BTCUSDT,71263.01,0.00015
2026-03-25 16:45:19,BINANCE:ETHUSDT,2180.99,0.0025
2026-03-25 16:45:19,BINANCE:BTCUSDT,71263.01,8e-05
2026-03-25 16:45:19,BINANCE:BTCUSDT,71263.01,0.00048
2026-03-25 16:45:19,BINANCE:ETHUSDT,2180.98,0.0024
2026-03-25 16:45:19,BINANCE:BTCUSDT,71263.01,0.01296
2026-03-25 16:45:19,BINANCE:ETHUSDT,2180.98,0.0025
2026-03-25 16:45:19,BINANCE:BTCUSDT,71263.01,0.04287
2026-03-25 16:45:19,BINANCE:ETHUSDT,2180.97,0.0023
2026-03-25 16:45:19,BINANCE:BTCUSDT,71263.01,0.01
2026-03-25 16:45:19,BINANCE:ETHUSDT,2180.97,0.0023
2026-03-25 16:45:19,BINANCE:ETHUSDT,2180.97,0.0024
2026-03-25 16:45:19,BINANCE:ETHUSDT,2180.97,0.0025
2026-03-25 16:45:19,BINANCE:BTCUSDT,71263.01,0.00028
2026-03-25 16:45:19,BINANCE:ETHUSDT,2180.97,0.0023
2026-03-25 16:45:19,BINANCE:ETHUSDT,2180.97,0.0023
2026-03-25 16:45:19,BINANCE:BTCUSDT,71263.01,0.499
2026-03-25 16:45:19,BINANCE:ETHUSDT,2180.95,0.0025
2026-03-25 16:45:19,BINANCE:ETHUSDT,2180.95,0.0025
2026-03-25 16:45:19,BINANCE:ETHUSDT,2180.95,0.026
2026-03-25 16:45:19,BINANCE:ETHUSDT,2180.94,0.0023
2026-03-25 16:45:19,BINANCE:ETHUSDT,2180.94,0.0023
2026-03-25 16:45:19,BINANCE:ETHUSDT,2180.92,0.023
2026-03-25 16:45:19,BINANCE:BTCUSDT,71263.01,0.00015
2026-03-25 16:45:19,BINANCE:ETHUSDT,2180.92,0.0024
2026-03-25 16:45:19,BINANCE:BTCUSDT,71263.01,0.01408
2026-03-25 16:45:19,BINANCE:ETHUSDT,2180.91,0.0023
2026-03-25 16:45:19,BINANCE:BTCUSDT,71263.01,0.00069
2026-03-25 16:45:19,BINANCE:BTCUSDT,71263.01,8e-05
2026-03-25 16:45:19,BINANCE:ETHUSDT,2180.91,0.0025
2026-03-25 16:45:19,BINANCE:BTCUSDT,71263.01,8e-05
2026-03-25 16:45:19,BINANCE:ETHUSDT,2180.91,0.0024
2026-03-25 16:45:19,BINANCE:BTCUSDT,71263.01,8e-05
2026-03-25 16:45:19,BINANCE:BTCUSDT,71263.01,8e-05
2026-03-25 16:45:19,BINANCE:ETHUSDT,2180.91,0.0023
2026-03-25 16:45:19,BINANCE:BTCUSDT,71263.01,8e-05
2026-03-25 16:45:19,BINANCE:BTCUSDT,71258.65,0.0245
2026-03-25 16:45:19,BINANCE:BTCUSDT,71263.01,8e-05
2026-03-25 16:45:19,BINANCE:BTCUSDT,71263.01,8e-05
2026-03-25 16:45:19,BINANCE:BTCUSDT,71263.01,8e-05
2026-03-25 16:45:19,BINANCE:BTCUSDT,71263.01,8e-05
2026-03-25 16:45:19,BINANCE:BTCUSDT,71263.01,0.01
2026-03-25 16:45:19,BINANCE:BTCUSDT,71263.01,8e-05
2026-03-25 16:45:19,BINANCE:BTCUSDT,71263.01,8e-05
2026-03-25 16:45:19,BINANCE:BTCUSDT,71263.01,8e-05
2026-03-25 16:45:19,BINANCE:BTCUSDT,71263.01,0.00011
2026-03-25 16:45:19,BINANCE:BTCUSDT,71263.01,8e-05
2026-03-25 16:45:19,BINANCE:BTCUSDT,71263.01,8e-05
2026-03-25 16:45:19,BINANCE:BTCUSDT,71263.01,8e-05
2026-03-25 16:45:19,BINANCE:BTCUSDT,71263.01,8e-05
2026-03-25 16:45:19,BINANCE:BTCUSDT,71263.01,8e-05
2026-03-25 16:45:19,BINANCE:BTCUSDT,71263.01,8e-05
2026-03-25 16:45:19,BINANCE:BTCUSDT,71263.01,8e-05
2026-03-25 16:45:19,BINANCE:BTCUSDT,71263.01,8e-05
2026-03-25 16:45:19,BINANCE:BTCUSDT,71263.01,8e-05
2026-03-25 16:45:19,BINANCE:BTCUSDT,71263.01,8e-05
2026-03-25 16:45:19,BINANCE:BTCUSDT,71263.01,8e-05
2026-03-25 16:45:19,BINANCE:BTCUSDT,71263.01,8e-05
2026-03-25 16:45:19,BINANCE:BTCUSDT,71263.01,8e-05
2026-03-25 16:45:19,BINANCE:BTCUSDT,71263.01,8e-05
2026-03-25 16:45:19,BINANCE:BTCUSDT,71263.01,8e-05
2026-03-25 16:45:19,BINANCE:BTCUSDT,71263.01,8e-05
2026-03-25 16:45:19,BINANCE:BTCUSDT,71263.01,8e-05
2026-03-25 16:45:19,BINANCE:BTCUSDT,71263.01,8e-05
2026-03-25 16:45:19,BINANCE:BTCUSDT,71263.01,8e-05
2026-03-25 16:45:19,BINANCE:BNBUSDT,649.48,0.009
2026-03-25 16:45:19,BINANCE:BNBUSDT,649.48,0.22
2026-03-25 16:45:19,BINANCE:BTCUSDT,71258.65,8e-05
2026-03-25 16:45:19,BINANCE:BTCUSDT,71258.65,8e-05
2026-03-25 16:45:19,BINANCE:BTCUSDT,71258.65,8e-05
2026-03-25 16:45:19,BINANCE:BTCUSDT,71258.65,8e-05
2026-03-25 16:45:19,BINANCE:BTCUSDT,71258.65,8e-05
2026-03-25 16:45:19,BINANCE:BTCUSDT,71258.65,8e-05
2026-03-25 16:45:19,BINANCE:BTCUSDT,71258.65,8e-05
2026-03-25 16:45:19,BINANCE:BTCUSDT,71258.65,8e-05
2026-03-25 16:45:19,BINANCE:BTCUSDT,71258.65,8e-05
2026-03-25 16:45:19,BINANCE:BTCUSDT,71258.65,8e-05
2026-03-25 16:45:19,BINANCE:BTCUSDT,71258.65,0.00015
2026-03-25 16:45:18,BINANCE:BNBUSDT,649.54,0.218
2026-03-25 16:45:19,BINANCE:BTCUSDT,71258.65,8e-05
2026-03-25 16:45:19,BINANCE:BTCUSDT,71258.65,8e-05
2026-03-25 16:45:19,BINANCE:BTCUSDT,71258.65,8e-05
2026-03-25 16:45:19,BINANCE:BTCUSDT,71258.65,8e-05
2026-03-25 16:45:19,BINANCE:BTCUSDT,71258.65,8e-05
2026-03-25 16:45:19,BINANCE:BTCUSDT,71258.65,8e-05
2026-03-25 16:45:19,BINANCE:BTCUSDT,71258.65,8e-05
2026-03-25 16:45:19,BINANCE:BTCUSDT,71258.65,8e-05
2026-03-25 16:45:19,BINANCE:BTCUSDT,71258.65,8e-05
2026-03-25 16:45:19,BINANCE:BTCUSDT,71258.65,0.0007
2026-03-25 16:45:19,BINANCE:BTCUSDT,71258.65,0.00047
2026-03-25 16:45:19,BINANCE:BTCUSDT,71258.65,8e-05
2026-03-25 16:45:19,BINANCE:BTCUSDT,71258.65,8e-05
2026-03-25 16:45:19,BINANCE:BTCUSDT,71258.65,8e-05
2026-03-25 16:45:19,BINANCE:BTCUSDT,71258.64,8e-05
2026-03-25 16:45:19,BINANCE:BTCUSDT,71258.64,8e-05
2026-03-25 16:45:19,BINANCE:BTCUSDT,71258.64,8e-05
2026-03-25 16:45:19,BINANCE:BTCUSDT,71258.64,8e-05
2026-03-25 16:45:19,BINANCE:BTCUSDT,71258.64,8e-05
2026-03-25 16:45:19,BINANCE:BTCUSDT,71258.64,8e-05
2026-03-25 16:45:19,BINANCE:BTCUSDT,71258.43,9e-05
2026-03-25 16:45:19,BINANCE:BTCUSDT,71258.41,0.00065
2026-03-25 16:45:19,BINANCE:BTCUSDT,71258.4,8e-05
2026-03-25 16:45:19,BINANCE:BTCUSDT,71258.4,0.00015
2026-03-25 16:45:19,BINANCE:BTCUSDT,71258.4,8e-05
2026-03-25 16:45:19,BINANCE:BTCUSDT,71258.4,8e-05
2026-03-25 16:45:19,BINANCE:BTCUSDT,71258.39,8e-05
2026-03-25 16:45:19,BINANCE:BTCUSDT,71258.39,8e-05
2026-03-25 16:45:19,BINANCE:BTCUSDT,71258.39,8e-05
2026-03-25 16:45:19,BINANCE:BTCUSDT,71258.39,8e-05
2026-03-25 16:45:19,BINANCE:BTCUSDT,71258.39,8e-05
2026-03-25 16:45:19,BINANCE:BTCUSDT,71257.97,8e-05
2026-03-25 16:45:19,BINANCE:BTCUSDT,71257.96,8e-05
2026-03-25 16:45:19,BINANCE:BTCUSDT,71257.95,8e-05
2026-03-25 16:45:19,BINANCE:BTCUSDT,71257.51,8e-05
2026-03-25 16:45:19,BINANCE:BTCUSDT,71257.51,8e-05
2026-03-25 16:45:19,BINANCE:BTCUSDT,71257.49,8e-05
2026-03-25 16:45:19,BINANCE:BTCUSDT,71257.45,8e-05
2026-03-25 16:45:19,BINANCE:BTCUSDT,71257.44,8e-05
2026-03-25 16:45:19,BINANCE:BTCUSDT,71257.44,8e-05
2026-03-25 16:45:19,BINANCE:BTCUSDT,71257.44,8e-05
2026-03-25 16:45:19,BINANCE:BTCUSDT,71257.44,8e-05
2026-03-25 16:45:19,BINANCE:BTCUSDT,71256.77,8e-05
2026-03-25 16:45:19,BINANCE:BTCUSDT,71256.76,8e-05
2026-03-25 16:45:19,BINANCE:BTCUSDT,71256.76,8e-05
2026-03-25 16:45:19,BINANCE:BTCUSDT,71256.76,8e-05
2026-03-25 16:45:19,BINANCE:BTCUSDT,71256.76,8e-05
2026-03-25 16:45:19,BINANCE:BTCUSDT,71256.59,8e-05
2026-03-25 16:45:19,BINANCE:BTCUSDT,71256.59,8e-05
2026-03-25 16:45:19,BINANCE:BTCUSDT,71256.59,8e-05
2026-03-25 16:45:19,BINANCE:BTCUSDT,71256.59,8e-05
2026-03-25 16:45:19,BINANCE:BTCUSDT,71256.59,8e-05
2026-03-25 16:45:19,BINANCE:BTCUSDT,71256.59,8e-05
2026-03-25 16:45:19,BINANCE:BTCUSDT,71256.58,8e-05
2026-03-25 16:45:19,BINANCE:BTCUSDT,71256.34,8e-05
2026-03-25 16:45:19,BINANCE:BTCUSDT,71256.34,8e-05
2026-03-25 16:45:19,BINANCE:BTCUSDT,71256.34,8e-05
2026-03-25 16:45:19,BINANCE:BTCUSDT,71256.34,8e-05
2026-03-25 16:45:19,BINANCE:BTCUSDT,71256.34,8e-05
2026-03-25 16:45:19,BINANCE:BTCUSDT,71256.27,8e-05
2026-03-25 16:45:19,BINANCE:BTCUSDT,71256.27,8e-05
2026-03-25 16:45:19,BINANCE:BTCUSDT,71256.27,8e-05
2026-03-25 16:45:19,BINANCE:BTCUSDT,71256.27,8e-05
2026-03-25 16:45:19,BINANCE:BTCUSDT,71256.27,8e-05
2026-03-25 16:45:19,BINANCE:BTCUSDT,71256.26,8e-05
2026-03-25 16:45:19,BINANCE:BTCUSDT,71256.26,8e-05
2026-03-25 16:45:19,BINANCE:BTCUSDT,71256.08,9e-05
2026-03-25 16:45:19,BINANCE:BTCUSDT,71256.02,8e-05
2026-03-25 16:45:19,BINANCE:BTCUSDT,71256.02,8e-05
2026-03-25 16:45:19,BINANCE:BTCUSDT,71256.02,8e-05
2026-03-25 16:45:19,BINANCE:BTCUSDT,71256.02,8e-05
2026-03-25 16:45:19,BINANCE:BTCUSDT,71256.02,8e-05
2026-03-25 16:45:19,BINANCE:BTCUSDT,71255.88,8e-05
2026-03-25 16:45:19,BINANCE:BTCUSDT,71255.87,8e-05
2026-03-25 16:45:19,BINANCE:BTCUSDT,71255.87,8e-05
2026-03-25 16:45:19,BINANCE:BNBUSDT,649.48,0.035
2026-03-25 16:45:19,BINANCE:BNBUSDT,649.48,0.045
2026-03-25 16:45:19,BINANCE:BNBUSDT,649.48,3.568
2026-03-25 16:45:19,BINANCE:BNBUSDT,649.48,0.009
2026-03-25 16:45:19,BINANCE:BNBUSDT,649.48,0.008
2026-03-25 16:45:19,BINANCE:BNBUSDT,649.48,0.009
2026-03-25 16:45:19,BINANCE:BNBUSDT,649.48,0.009
2026-03-25 16:45:19,BINANCE:BNBUSDT,649.48,0.009
2026-03-25 16:45:19,BINANCE:BNBUSDT,649.48,0.009
2026-03-25 16:45:19,BINANCE:BNBUSDT,649.48,0.009
2026-03-25 16:45:19,BINANCE:BNBUSDT,649.48,0.008
2026-03-25 16:45:19,BINANCE:BNBUSDT,649.48,0.009
2026-03-25 16:45:19,BINANCE:BNBUSDT,649.48,0.009
2026-03-25 16:45:19,BINANCE:BNBUSDT,649.48,0.009
2026-03-25 16:45:19,BINANCE:BNBUSDT,649.48,0.002
2026-03-25 16:45:19,BINANCE:BNBUSDT,649.48,0.007
2026-03-25 16:45:19,BINANCE:BNBUSDT,649.48,0.009
2026-03-25 16:45:19,BINANCE:BNBUSDT,649.48,0.009
2026-03-25 16:45:19,BINANCE:BNBUSDT,649.48,0.008
2026-03-25 16:45:19,BINANCE:BNBUSDT,649.48,0.009
2026-03-25 16:45:19,BINANCE:BNBUSDT,649.48,0.009
2026-03-25 16:45:19,BINANCE:BNBUSDT,649.48,0.005
2026-03-25 16:45:19,BINANCE:BNBUSDT,649.48,0.004
2026-03-25 16:45:19,BINANCE:BNBUSDT,649.48,0.008
2026-03-25 16:45:19,BINANCE:BNBUSDT,649.48,0.009
2026-03-25 16:45:19,BINANCE:BNBUSDT,649.48,0.009
2026-03-25 16:45:19,BINANCE:BNBUSDT,649.48,0.008
2026-03-25 16:45:19,BINANCE:BTCUSDT,71255.86,8e-05
2026-03-25 16:45:19,BINANCE:BTCUSDT,71255.86,8e-05
2026-03-25 16:45:19,BINANCE:BTCUSDT,71255.86,8e-05
2026-03-25 16:45:19,BINANCE:BTCUSDT,71255.86,8e-05
2026-03-25 16:45:19,BINANCE:BTCUSDT,71255.86,8e-05
2026-03-25 16:45:19,BINANCE:BTCUSDT,71255.86,8e-05
2026-03-25 16:45:19,BINANCE:BTCUSDT,71255.86,8e-05
2026-03-25 16:45:19,BINANCE:BTCUSDT,71255.86,8e-05
2026-03-25 16:45:19,BINANCE:BTCUSDT,71255.86,8e-05
2026-03-25 16:45:19,BINANCE:BTCUSDT,71255.86,0.00015
2026-03-25 16:45:19,BINANCE:BTCUSDT,71255.86,8e-05
2026-03-25 16:45:19,BINANCE:BTCUSDT,71255.86,8e-05
2026-03-25 16:45:19,BINANCE:BTCUSDT,71255.86,8e-05
2026-03-25 16:45:19,BINANCE:BTCUSDT,71255.86,8e-05
2026-03-25 16:45:19,BINANCE:BTCUSDT,71255.86,8e-05
2026-03-25 16:45:19,BINANCE:BTCUSDT,71255.86,8e-05
2026-03-25 16:45:19,BINANCE:BTCUSDT,71255.86,5e-05
2026-03-25 16:45:19,BINANCE:BTCUSDT,71263.01,0.00139
2026-03-25 16:45:19,BINANCE:ETHUSDT,2180.9,0.0023
2026-03-25 16:45:19,BINANCE:ETHUSDT,2180.9,0.0023
2026-03-25 16:45:19,BINANCE:ETHUSDT,2180.9,0.026
2026-03-25 16:45:19,BINANCE:ETHUSDT,2180.9,0.003
2026-03-25 16:45:19,BINANCE:ETHUSDT,2180.9,0.0024
2026-03-25 16:45:19,BINANCE:ETHUSDT,2180.9,0.0047
2026-03-25 16:45:19,BINANCE:ETHUSDT,2180.9,0.0024
2026-03-25 16:45:19,BINANCE:ETHUSDT,2180.9,0.0024
2026-03-25 16:45:19,BINANCE:ETHUSDT,2180.9,0.0024
2026-03-25 16:45:19,BINANCE:ETHUSDT,2180.9,0.0047
2026-03-25 16:45:19,BINANCE:ETHUSDT,2180.9,0.0025
2026-03-25 16:45:19,BINANCE:ETHUSDT,2180.9,0.0023
2026-03-25 16:45:19,BINANCE:ETHUSDT,2180.9,0.0091
2026-03-25 16:45:19,BINANCE:ETHUSDT,2180.9,0.0023
2026-03-25 16:45:19,BINANCE:ETHUSDT,2180.9,0.0023
2026-03-25 16:45:19,BINANCE:ETHUSDT,2180.9,0.0023
2026-03-25 16:45:19,BINANCE:ETHUSDT,2180.9,0.0023
2026-03-25 16:45:19,BINANCE:ETHUSDT,2180.9,0.0023
2026-03-25 16:45:19,BINANCE:ETHUSDT,2180.9,0.0023
2026-03-25 16:45:19,BINANCE:ETHUSDT,2180.89,0.0024
2026-03-25 16:45:19,BINANCE:ETHUSDT,2180.89,0.0024
2026-03-25 16:45:19,BINANCE:ETHUSDT,2180.89,0.0025
2026-03-25 16:45:19,BINANCE:ETHUSDT,2180.88,0.0024
2026-03-25 16:45:19,BINANCE:ETHUSDT,2180.88,0.0024
2026-03-25 16:45:19,BINANCE:ETHUSDT,2180.88,0.0025
2026-03-25 16:45:19,BINANCE:ETHUSDT,2180.87,0.0023
2026-03-25 16:45:19,BINANCE:ETHUSDT,2180.87,0.0023
2026-03-25 16:45:19,BINANCE:ETHUSDT,2180.87,0.0025
2026-03-25 16:45:19,BINANCE:ETHUSDT,2180.87,0.0023
2026-03-25 16:45:19,BINANCE:ETHUSDT,2180.87,0.0023
2026-03-25 16:45:19,BINANCE:ETHUSDT,2180.86,0.0024
2026-03-25 16:45:19,BINANCE:ETHUSDT,2180.86,0.0025
2026-03-25 16:45:19,BINANCE:ETHUSDT,2180.86,0.0025
2026-03-25 16:45:19,BINANCE:ETHUSDT,2180.85,0.1147
2026-03-25 16:45:19,BINANCE:ETHUSDT,2180.85,0.0024
2026-03-25 16:45:19,BINANCE:ETHUSDT,2180.85,0.0025
2026-03-25 16:45:19,BINANCE:ETHUSDT,2180.84,0.0023
2026-03-25 16:45:19,BINANCE:ETHUSDT,2180.84,0.0024
2026-03-25 16:45:19,BINANCE:ETHUSDT,2180.84,0.0025
2026-03-25 16:45:19,BINANCE:ETHUSDT,2180.84,0.0025
2026-03-25 16:45:19,BINANCE:ETHUSDT,2180.84,0.0023
2026-03-25 16:45:19,BINANCE:ETHUSDT,2180.84,0.0023
2026-03-25 16:45:19,BINANCE:ETHUSDT,2180.84,0.0023
2026-03-25 16:45:19,BINANCE:ETHUSDT,2180.84,0.0023
2026-03-25 16:45:19,BINANCE:ETHUSDT,2180.83,0.0023
2026-03-25 16:45:19,BINANCE:ETHUSDT,2180.83,0.0023
2026-03-25 16:45:19,BINANCE:ETHUSDT,2180.83,0.06
2026-03-25 16:45:19,BINANCE:ETHUSDT,2180.83,0.0788
2026-03-25 16:45:19,BINANCE:ETHUSDT,2180.83,0.0025
2026-03-25 16:45:19,BINANCE:ETHUSDT,2180.83,0.0023
2026-03-25 16:45:19,BINANCE:ETHUSDT,2180.83,0.0023
2026-03-25 16:45:19,BINANCE:ETHUSDT,2180.83,0.0023
2026-03-25 16:45:19,BINANCE:ETHUSDT,2180.83,0.0023
2026-03-25 16:45:19,BINANCE:ETHUSDT,2180.83,0.0023
2026-03-25 16:45:19,BINANCE:ETHUSDT,2180.83,0.0023
2026-03-25 16:45:19,BINANCE:ETHUSDT,2180.83,0.0023
2026-03-25 16:45:19,BINANCE:ETHUSDT,2180.83,0.0023
2026-03-25 16:45:19,BINANCE:ETHUSDT,2180.82,0.0023
2026-03-25 16:45:19,BINANCE:ETHUSDT,2180.82,0.0025
2026-03-25 16:45:19,BINANCE:ETHUSDT,2180.82,0.0023
2026-03-25 16:45:19,BINANCE:ETHUSDT,2180.82,0.0023
2026-03-25 16:45:19,BINANCE:ETHUSDT,2180.82,0.0023
2026-03-25 16:45:19,BINANCE:ETHUSDT,2180.82,0.0023
2026-03-25 16:45:19,BINANCE:BTCUSDT,71255.86,8e-05
2026-03-25 16:45:19,BINANCE:BTCUSDT,71255.86,0.00015
2026-03-25 16:45:19,BINANCE:BTCUSDT,71255.86,8e-05
2026-03-25 16:45:19,BINANCE:BTCUSDT,71255.86,0.00159
2026-03-25 16:45:19,BINANCE:BTCUSDT,71255.86,8e-05
2026-03-25 16:45:19,BINANCE:BTCUSDT,71255.86,8e-05
2026-03-25 16:45:19,BINANCE:BTCUSDT,71255.86,8e-05
2026-03-25 16:45:19,BINANCE:ETHUSDT,2180.81,0.0023
2026-03-25 16:45:19,BINANCE:BTCUSDT,71255.86,8e-05
2026-03-25 16:45:19,BINANCE:ETHUSDT,2180.81,0.0025
2026-03-25 16:45:19,BINANCE:ETHUSDT,2180.81,0.0023
2026-03-25 16:45:19,BINANCE:ETHUSDT,2180.81,0.0023
2026-03-25 16:45:19,BINANCE:ETHUSDT,2180.81,0.0023
2026-03-25 16:45:19,BINANCE:ETHUSDT,2180.81,0.0023
2026-03-25 16:45:19,BINANCE:ETHUSDT,2180.8,0.0023
2026-03-25 16:45:19,BINANCE:BTCUSDT,71255.86,8e-05
2026-03-25 16:45:19,BINANCE:ETHUSDT,2180.8,0.003
2026-03-25 16:45:19,BINANCE:ETHUSDT,2180.8,0.0024
2026-03-25 16:45:19,BINANCE:BTCUSDT,71255.86,8e-05
2026-03-25 16:45:19,BINANCE:ETHUSDT,2180.79,0.0023
2026-03-25 16:45:19,BINANCE:BTCUSDT,71255.86,8e-05
2026-03-25 16:45:19,BINANCE:ETHUSDT,2180.79,0.0036
2026-03-25 16:45:19,BINANCE:BTCUSDT,71255.86,8e-05
2026-03-25 16:45:19,BINANCE:ETHUSDT,2180.79,0.0023
2026-03-25 16:45:19,BINANCE:ETHUSDT,2180.79,0.0024
2026-03-25 16:45:19,BINANCE:ETHUSDT,2180.79,0.0023
2026-03-25 16:45:19,BINANCE:BTCUSDT,71255.86,8e-05
2026-03-25 16:45:19,BINANCE:BTCUSDT,71255.86,8e-05
2026-03-25 16:45:19,BINANCE:BTCUSDT,71255.86,8e-05
2026-03-25 16:45:19,BINANCE:BTCUSDT,71255.86,8e-05
2026-03-25 16:45:19,BINANCE:ETHUSDT,2180.79,0.0023
2026-03-25 16:45:19,BINANCE:ETHUSDT,2180.79,0.0023
2026-03-25 16:45:19,BINANCE:ETHUSDT,2180.79,0.0023
2026-03-25 16:45:19,BINANCE:ETHUSDT,2180.79,0.0023
2026-03-25 16:45:19,BINANCE:ETHUSDT,2180.79,0.0023
2026-03-25 16:45:19,BINANCE:ETHUSDT,2180.79,0.0023
2026-03-25 16:45:19,BINANCE:ETHUSDT,2180.79,0.0023
2026-03-25 16:45:19,BINANCE:ETHUSDT,2180.78,0.0023
2026-03-25 16:45:19,BINANCE:ETHUSDT,2180.78,0.0023
2026-03-25 16:45:19,BINANCE:ETHUSDT,2180.75,0.0024
2026-03-25 16:45:19,BINANCE:ETHUSDT,2180.74,0.0023
2026-03-25 16:45:19,BINANCE:BTCUSDT,71255.86,8e-05
2026-03-25 16:45:19,BINANCE:ETHUSDT,2180.74,0.0023
2026-03-25 16:45:19,BINANCE:BTCUSDT,71255.86,8e-05
2026-03-25 16:45:19,BINANCE:ETHUSDT,2180.72,0.0026
2026-03-25 16:45:19,BINANCE:BTCUSDT,71255.86,8e-05
2026-03-25 16:45:19,BINANCE:ETHUSDT,2180.72,0.0025
2026-03-25 16:45:19,BINANCE:ETHUSDT,2180.71,0.0023
2026-03-25 16:45:19,BINANCE:ETHUSDT,2180.71,0.0003
2026-03-25 16:45:19,BINANCE:BTCUSDT,71255.86,0.011
2026-03-25 16:45:19,BINANCE:BTCUSDT,71255.86,8e-05
2026-03-25 16:45:19,BINANCE:BTCUSDT,71255.86,8e-05
2026-03-25 16:45:19,BINANCE:BTCUSDT,71255.86,8e-05
2026-03-25 16:45:19,BINANCE:BTCUSDT,71255.86,0.00566
2026-03-25 16:45:19,BINANCE:BTCUSDT,71255.86,0.00434
2026-03-25 16:45:19,BINANCE:BTCUSDT,71255.86,8e-05
2026-03-25 16:45:19,BINANCE:BTCUSDT,71255.86,8e-05
2026-03-25 16:45:19,BINANCE:BTCUSDT,71255.86,8e-05
2026-03-25 16:45:19,BINANCE:BTCUSDT,71255.86,8e-05
2026-03-25 16:45:19,BINANCE:BTCUSDT,71255.86,8e-05
2026-03-25 16:45:19,BINANCE:BTCUSDT,71255.86,8e-05
2026-03-25 16:45:19,BINANCE:BTCUSDT,71255.86,8e-05
2026-03-25 16:45:19,BINANCE:BTCUSDT,71255.86,8e-05
2026-03-25 16:45:19,BINANCE:BTCUSDT,71255.85,8e-05
2026-03-25 16:45:19,BINANCE:BTCUSDT,71255.85,8e-05
2026-03-25 16:45:19,BINANCE:BTCUSDT,71255.85,8e-05
2026-03-25 16:45:19,BINANCE:BTCUSDT,71255.85,8e-05
2026-03-25 16:45:19,BINANCE:BTCUSDT,71255.85,8e-05
2026-03-25 16:45:19,BINANCE:BTCUSDT,71255.85,8e-05
2026-03-25 16:45:19,BINANCE:BTCUSDT,71255.85,8e-05
2026-03-25 16:45:19,BINANCE:BTCUSDT,71255.85,8e-05
2026-03-25 16:45:19,BINANCE:BTCUSDT,71255.85,8e-05
2026-03-25 16:45:19,BINANCE:BTCUSDT,71255.85,8e-05
2026-03-25 16:45:19,BINANCE:BTCUSDT,71255.85,8e-05
2026-03-25 16:45:19,BINANCE:BTCUSDT,71255.85,8e-05
2026-03-25 16:45:19,BINANCE:BTCUSDT,71255.85,8e-05
2026-03-25 16:45:19,BINANCE:BTCUSDT,71255.75,0.00027
2026-03-25 16:45:19,BINANCE:BTCUSDT,71255.75,8e-05
2026-03-25 16:45:19,BINANCE:BTCUSDT,71255.75,8e-05
2026-03-25 16:45:19,BINANCE:BTCUSDT,71255.62,8e-05
2026-03-25 16:45:19,BINANCE:BTCUSDT,71255.62,8e-05
2026-03-25 16:45:19,BINANCE:BTCUSDT,71255.52,0.00057
2026-03-25 16:45:19,BINANCE:BTCUSDT,71254.96,8e-05
2026-03-25 16:45:19,BINANCE:BTCUSDT,71254.38,0.00011
2026-03-25 16:45:19,BINANCE:BTCUSDT,71254.22,0.00011
2026-03-25 16:45:19,BINANCE:BTCUSDT,71254,0.0004
2026-03-25 16:45:19,BINANCE:BTCUSDT,71254,0.0004
2026-03-25 16:45:19,BINANCE:BTCUSDT,71254,0.0004
2026-03-25 16:45:19,BINANCE:BTCUSDT,71253.8,8e-05
2026-03-25 16:45:19,BINANCE:BTCUSDT,71253.63,8e-05
2026-03-25 16:45:19,BINANCE:BTCUSDT,71253.55,0.00021
2026-03-25 16:45:19,BINANCE:BTCUSDT,71253.38,0.00057
2026-03-25 16:45:19,BINANCE:BTCUSDT,71253.36,8e-05
2026-03-25 16:45:19,BINANCE:BTCUSDT,71253.36,8e-05
2026-03-25 16:45:19,BINANCE:BTCUSDT,71253.22,0.003
2026-03-25 16:45:19,BINANCE:BTCUSDT,71253.05,8e-05
2026-03-25 16:45:19,BINANCE:BTCUSDT,71253.03,0.003
2026-03-25 16:45:19,BINANCE:BTCUSDT,71252.64,0.00373
2026-03-25 16:45:19,BINANCE:BTCUSDT,71252,0.0004
2026-03-25 16:45:19,BINANCE:BTCUSDT,71252,0.0004
2026-03-25 16:45:19,BINANCE:BTCUSDT,71252,0.0004
2026-03-25 16:45:19,BINANCE:BTCUSDT,71251.52,8e-05
2026-03-25 16:45:19,BINANCE:BTCUSDT,71251.52,8e-05
2026-03-25 16:45:19,BINANCE:BTCUSDT,71251.11,8e-05
2026-03-25 16:45:19,BINANCE:BTCUSDT,71250.27,8e-05
2026-03-25 16:45:19,BINANCE:BTCUSDT,71250.27,8e-05
2026-03-25 16:45:19,BINANCE:BTCUSDT,71250.2,8e-05
2026-03-25 16:45:19,BINANCE:BTCUSDT,71250.2,8e-05
2026-03-25 16:45:19,BINANCE:BTCUSDT,71250.19,8e-05
2026-03-25 16:45:19,BINANCE:BTCUSDT,71250.19,8e-05
2026-03-25 16:45:19,BINANCE:BTCUSDT,71250.19,8e-05
2026-03-25 16:45:19,BINANCE:BTCUSDT,71250.19,8e-05
2026-03-25 16:45:19,BINANCE:BTCUSDT,71250.18,8e-05
2026-03-25 16:45:19,BINANCE:BTCUSDT,71250.18,0.01825
2026-03-25 16:45:19,BINANCE:BTCUSDT,71250.18,0.01
2026-03-25 16:45:19,BINANCE:BNBUSDT,649.46,0.008
2026-03-25 16:45:19,BINANCE:BNBUSDT,649.46,0.009
2026-03-25 16:45:19,BINANCE:BNBUSDT,649.46,0.009
2026-03-25 16:45:19,BINANCE:BNBUSDT,649.46,0.009
2026-03-25 16:45:19,BINANCE:BNBUSDT,649.46,0.009
2026-03-25 16:45:19,BINANCE:BNBUSDT,649.46,0.002
2026-03-25 16:45:19,BINANCE:BNBUSDT,649.46,0.006
2026-03-25 16:45:19,BINANCE:BNBUSDT,649.46,0.009
2026-03-25 16:45:19,BINANCE:BNBUSDT,649.46,0.002
2026-03-25 16:45:19,BINANCE:BNBUSDT,649.46,0.007
2026-03-25 16:45:19,BINANCE:BNBUSDT,649.46,0.009
2026-03-25 16:45:19,BINANCE:BNBUSDT,649.46,0.008
2026-03-25 16:45:19,BINANCE:BNBUSDT,649.45,0.009
2026-03-25 16:45:19,BINANCE:BNBUSDT,649.45,0.002
2026-03-25 16:45:19,BINANCE:ETHUSDT,2180.71,0.0025
2026-03-25 16:45:19,BINANCE:ETHUSDT,2180.71,0.0024
2026-03-25 16:45:19,BINANCE:ETHUSDT,2180.71,0.0047
2026-03-25 16:45:19,BINANCE:ETHUSDT,2180.71,0.0023
2026-03-25 16:45:19,BINANCE:ETHUSDT,2180.71,0.0024
2026-03-25 16:45:19,BINANCE:ETHUSDT,2180.71,0.0024
2026-03-25 16:45:19,BINANCE:ETHUSDT,2180.71,0.0332
2026-03-25 16:45:19,BINANCE:ETHUSDT,2180.71,0.0024
2026-03-25 16:45:19,BINANCE:ETHUSDT,2180.71,0.0024
2026-03-25 16:45:19,BINANCE:ETHUSDT,2180.71,0.1908
2026-03-25 16:45:19,BINANCE:ETHUSDT,2180.71,0.0024
2026-03-25 16:45:19,BINANCE:ETHUSDT,2180.7,0.0023
2026-03-25 16:45:19,BINANCE:ETHUSDT,2180.7,0.023
2026-03-25 16:45:19,BINANCE:ETHUSDT,2180.7,0.003
2026-03-25 16:45:19,BINANCE:ETHUSDT,2180.7,0.0023
2026-03-25 16:45:19,BINANCE:ETHUSDT,2180.7,0.0024
2026-03-25 16:45:19,BINANCE:ETHUSDT,2180.7,0.0025
2026-03-25 16:45:19,BINANCE:ETHUSDT,2180.7,0.0023
2026-03-25 16:45:19,BINANCE:ETHUSDT,2180.7,0.0024
2026-03-25 16:45:19,BINANCE:ETHUSDT,2180.7,0.0024
2026-03-25 16:45:19,BINANCE:ETHUSDT,2180.7,0.0024
2026-03-25 16:45:19,BINANCE:ETHUSDT,2180.7,0.0023
2026-03-25 16:45:19,BINANCE:ETHUSDT,2180.7,0.0023
2026-03-25 16:45:19,BINANCE:ETHUSDT,2180.69,0.0023
2026-03-25 16:45:19,BINANCE:ETHUSDT,2180.69,0.0025
2026-03-25 16:45:19,BINANCE:ETHUSDT,2180.69,0.0023
2026-03-25 16:45:19,BINANCE:ETHUSDT,2180.68,0.0024
2026-03-25 16:45:19,BINANCE:ETHUSDT,2180.68,0.0025
2026-03-25 16:45:19,BINANCE:ETHUSDT,2180.67,0.0023
2026-03-25 16:45:19,BINANCE:ETHUSDT,2180.67,0.0024
2026-03-25 16:45:19,BINANCE:ETHUSDT,2180.67,0.0025
2026-03-25 16:45:19,BINANCE:ETHUSDT,2180.67,0.0025
2026-03-25 16:45:19,BINANCE:ETHUSDT,2180.67,0.0023
2026-03-25 16:45:19,BINANCE:BNBUSDT,649.47,0.009
2026-03-25 16:45:19,BINANCE:BNBUSDT,649.47,0.009
2026-03-25 16:45:19,BINANCE:BNBUSDT,649.47,0.009
2026-03-25 16:45:19,BINANCE:BNBUSDT,649.47,0.008
2026-03-25 16:45:19,BINANCE:BNBUSDT,649.47,0.009
2026-03-25 16:45:19,BINANCE:BNBUSDT,649.47,0.009
2026-03-25 16:45:19,BINANCE:BNBUSDT,649.47,0.009
2026-03-25 16:45:19,BINANCE:BNBUSDT,649.47,0.019
2026-03-25 16:45:19,BINANCE:BNBUSDT,649.47,0.009
2026-03-25 16:45:19,BINANCE:BNBUSDT,649.47,0.009
2026-03-25 16:45:19,BINANCE:BNBUSDT,649.47,0.009
2026-03-25 16:45:19,BINANCE:BNBUSDT,649.47,0.009
2026-03-25 16:45:19,BINANCE:BNBUSDT,649.47,0.009
2026-03-25 16:45:19,BINANCE:BNBUSDT,649.47,0.009
2026-03-25 16:45:19,BINANCE:BNBUSDT,649.47,0.008
2026-03-25 16:45:19,BINANCE:BNBUSDT,649.47,0.009
2026-03-25 16:45:19,BINANCE:BNBUSDT,649.47,0.008
2026-03-25 16:45:19,BINANCE:BNBUSDT,649.47,0.002
2026-03-25 16:45:19,BINANCE:BNBUSDT,649.47,0.006
2026-03-25 16:45:19,BINANCE:BNBUSDT,649.47,0.009
2026-03-25 16:45:19,BINANCE:BNBUSDT,649.47,0.009
2026-03-25 16:45:19,BINANCE:BNBUSDT,649.47,0.009
2026-03-25 16:45:19,BINANCE:BNBUSDT,649.47,0.009
2026-03-25 16:45:19,BINANCE:BNBUSDT,649.47,0.009
2026-03-25 16:45:19,BINANCE:BNBUSDT,649.47,0.009
2026-03-25 16:45:19,BINANCE:BNBUSDT,649.47,0.008
2026-03-25 16:45:19,BINANCE:BNBUSDT,649.47,0.002
2026-03-25 16:45:19,BINANCE:BNBUSDT,649.47,0.007
2026-03-25 16:45:19,BINANCE:BNBUSDT,649.47,0.005
2026-03-25 16:45:19,BINANCE:BNBUSDT,649.47,0.004
2026-03-25 16:45:19,BINANCE:BNBUSDT,649.47,0.009
2026-03-25 16:45:19,BINANCE:BNBUSDT,649.47,0.009
2026-03-25 16:45:19,BINANCE:BNBUSDT,649.47,0.001
2026-03-25 16:45:19,BINANCE:BNBUSDT,649.47,0.008
2026-03-25 16:45:19,BINANCE:BNBUSDT,649.47,0.009
2026-03-25 16:45:19,BINANCE:BNBUSDT,649.47,0.008
2026-03-25 16:45:19,BINANCE:BNBUSDT,649.47,0.009
2026-03-25 16:45:19,BINANCE:BNBUSDT,649.47,0.001
2026-03-25 16:45:19,BINANCE:BNBUSDT,649.47,0.008
2026-03-25 16:45:19,BINANCE:BNBUSDT,649.47,0.008
2026-03-25 16:45:19,BINANCE:BNBUSDT,649.47,0.001
2026-03-25 16:45:19,BINANCE:BNBUSDT,649.47,0.009
2026-03-25 16:45:19,BINANCE:BNBUSDT,649.47,0.006
2026-03-25 16:45:19,BINANCE:BNBUSDT,649.47,0.002
2026-03-25 16:45:19,BINANCE:BNBUSDT,649.47,0.009
2026-03-25 16:45:20,BINANCE:BNBUSDT,649.45,0.007
2026-03-25 16:45:19,BINANCE:BNBUSDT,649.47,0.008
2026-03-25 16:45:20,BINANCE:BNBUSDT,649.45,0.008
2026-03-25 16:45:20,BINANCE:BNBUSDT,649.45,0.009
2026-03-25 16:45:19,BINANCE:BNBUSDT,649.47,0.001
2026-03-25 16:45:20,BINANCE:BNBUSDT,649.45,0.008
2026-03-25 16:45:20,BINANCE:BNBUSDT,649.45,0.009
2026-03-25 16:45:20,BINANCE:BNBUSDT,649.45,0.009
2026-03-25 16:45:19,BINANCE:BNBUSDT,649.47,0.009
2026-03-25 16:45:20,BINANCE:BNBUSDT,649.45,0.009
2026-03-25 16:45:20,BINANCE:BNBUSDT,649.45,0.009
2026-03-25 16:45:20,BINANCE:BNBUSDT,649.45,0.009
2026-03-25 16:45:20,BINANCE:BNBUSDT,649.45,0.008
2026-03-25 16:45:20,BINANCE:BNBUSDT,649.45,0.009
2026-03-25 16:45:20,BINANCE:BNBUSDT,649.45,0.008
2026-03-25 16:45:20,BINANCE:BNBUSDT,649.44,0.008
2026-03-25 16:45:20,BINANCE:BNBUSDT,649.44,0.008
2026-03-25 16:45:20,BINANCE:BNBUSDT,649.44,0.016
2026-03-25 16:45:20,BINANCE:BNBUSDT,649.44,0.009
2026-03-25 16:45:20,BINANCE:BNBUSDT,649.44,0.009
2026-03-25 16:45:20,BINANCE:BNBUSDT,649.44,0.008
2026-03-25 16:45:20,BINANCE:BNBUSDT,649.44,0.009
2026-03-25 16:45:20,BINANCE:BNBUSDT,649.44,0.009
2026-03-25 16:45:20,BINANCE:BNBUSDT,649.44,0.009
2026-03-25 16:45:20,BINANCE:BNBUSDT,649.43,0.009
2026-03-25 16:45:19,BINANCE:BNBUSDT,649.47,0.009
2026-03-25 16:45:19,BINANCE:BNBUSDT,649.47,0.001
2026-03-25 16:45:19,BINANCE:BNBUSDT,649.47,0.008
2026-03-25 16:45:19,BINANCE:BNBUSDT,649.47,0.009
2026-03-25 16:45:19,BINANCE:BNBUSDT,649.47,0.009
2026-03-25 16:45:19,BINANCE:BNBUSDT,649.47,0.009
2026-03-25 16:45:19,BINANCE:BNBUSDT,649.47,0.009
2026-03-25 16:45:19,BINANCE:BNBUSDT,649.47,0.009
2026-03-25 16:45:19,BINANCE:BNBUSDT,649.47,0.009
2026-03-25 16:45:19,BINANCE:BNBUSDT,649.47,0.009
2026-03-25 16:45:19,BINANCE:BNBUSDT,649.47,0.009
2026-03-25 16:45:19,BINANCE:BNBUSDT,649.47,0.009
2026-03-25 16:45:19,BINANCE:BNBUSDT,649.47,0.009
2026-03-25 16:45:19,BINANCE:BNBUSDT,649.47,0.009
2026-03-25 16:45:19,BINANCE:BNBUSDT,649.47,0.009
2026-03-25 16:45:19,BINANCE:BNBUSDT,649.47,0.009
2026-03-25 16:45:19,BINANCE:BNBUSDT,649.47,0.009
2026-03-25 16:45:19,BINANCE:BNBUSDT,649.47,0.008
2026-03-25 16:45:19,BINANCE:BNBUSDT,649.47,0.001
2026-03-25 16:45:19,BINANCE:BNBUSDT,649.47,0.009
2026-03-25 16:45:19,BINANCE:BNBUSDT,649.46,0.006
2026-03-25 16:45:19,BINANCE:BNBUSDT,649.46,0.003
2026-03-25 16:45:19,BINANCE:BNBUSDT,649.46,0.009
2026-03-25 16:45:19,BINANCE:BNBUSDT,649.46,0.001
2026-03-25 16:45:19,BINANCE:BNBUSDT,649.46,0.008
2026-03-25 16:45:20,BINANCE:BNBUSDT,649.42,0.008
2026-03-25 16:45:20,BINANCE:BNBUSDT,649.42,0.009
2026-03-25 16:45:20,BINANCE:BNBUSDT,649.42,0.008
2026-03-25 16:45:20,BINANCE:BNBUSDT,649.42,0.009
2026-03-25 16:45:20,BINANCE:BNBUSDT,649.42,0.009
2026-03-25 16:45:20,BINANCE:BNBUSDT,649.42,0.009
2026-03-25 16:45:20,BINANCE:BNBUSDT,649.42,0.009
2026-03-25 16:45:20,BINANCE:BNBUSDT,649.42,0.008
2026-03-25 16:45:20,BINANCE:BNBUSDT,649.42,0.009
2026-03-25 16:45:20,BINANCE:BNBUSDT,649.43,0.007
2026-03-25 16:45:20,BINANCE:BNBUSDT,649.42,0.009
2026-03-25 16:45:20,BINANCE:BNBUSDT,649.43,0.009
2026-03-25 16:45:20,BINANCE:BNBUSDT,649.43,0.009
2026-03-25 16:45:20,BINANCE:BNBUSDT,649.43,0.008
2026-03-25 16:45:20,BINANCE:BNBUSDT,649.43,0.009
2026-03-25 16:45:20,BINANCE:BNBUSDT,649.43,0.009
2026-03-25 16:45:20,BINANCE:BNBUSDT,649.43,0.009
2026-03-25 16:45:20,BINANCE:BNBUSDT,649.42,0.008
2026-03-25 16:45:20,BINANCE:BNBUSDT,649.43,0.009
2026-03-25 16:45:20,BINANCE:BNBUSDT,649.42,0.009
2026-03-25 16:45:20,BINANCE:BNBUSDT,649.43,0.008
2026-03-25 16:45:20,BINANCE:BNBUSDT,649.42,0.009
2026-03-25 16:45:20,BINANCE:BNBUSDT,649.43,0.009
2026-03-25 16:45:20,BINANCE:BNBUSDT,649.42,0.009
2026-03-25 16:45:20,BINANCE:BNBUSDT,649.43,0.009
2026-03-25 16:45:20,BINANCE:BNBUSDT,649.42,0.009
2026-03-25 16:45:20,BINANCE:BNBUSDT,649.43,0.008
2026-03-25 16:45:20,BINANCE:BNBUSDT,649.42,0.009
2026-03-25 16:45:20,BINANCE:BNBUSDT,649.42,0.009
2026-03-25 16:45:20,BINANCE:BNBUSDT,649.42,0.009
2026-03-25 16:45:20,BINANCE:BNBUSDT,649.42,0.008
2026-03-25 16:45:20,BINANCE:BNBUSDT,649.42,0.001
2026-03-25 16:45:20,BINANCE:BNBUSDT,649.42,0.009
2026-03-25 16:45:20,BINANCE:BNBUSDT,649.42,0.009
2026-03-25 16:45:20,BINANCE:BNBUSDT,649.42,0.008
2026-03-25 16:45:20,BINANCE:BTCUSDT,71250.18,0.04175
2026-03-25 16:45:20,BINANCE:BTCUSDT,71250.18,8e-05
2026-03-25 16:45:20,BINANCE:BTCUSDT,71250.18,8e-05
2026-03-25 16:45:20,BINANCE:BTCUSDT,71250.18,8e-05
2026-03-25 16:45:20,BINANCE:BTCUSDT,71250.18,8e-05
2026-03-25 16:45:20,BINANCE:BTCUSDT,71250.18,8e-05
2026-03-25 16:45:20,BINANCE:BTCUSDT,71250.18,8e-05
2026-03-25 16:45:20,BINANCE:BTCUSDT,71250.18,8e-05
2026-03-25 16:45:20,BINANCE:BTCUSDT,71250.18,8e-05
2026-03-25 16:45:20,BINANCE:BTCUSDT,71250.18,8e-05
2026-03-25 16:45:20,BINANCE:BTCUSDT,71250.18,8e-05
2026-03-25 16:45:20,BINANCE:BTCUSDT,71250.18,8e-05
2026-03-25 16:45:20,BINANCE:BTCUSDT,71250.18,0.03581
2026-03-25 16:45:20,BINANCE:BTCUSDT,71250.18,8e-05
2026-03-25 16:45:20,BINANCE:BTCUSDT,71250.18,8e-05
2026-03-25 16:45:20,BINANCE:BTCUSDT,71250.18,8e-05
2026-03-25 16:45:20,BINANCE:BTCUSDT,71250.18,8e-05
2026-03-25 16:45:20,BINANCE:BTCUSDT,71250.18,0.00015
2026-03-25 16:45:20,BINANCE:BTCUSDT,71250.18,8e-05
2026-03-25 16:45:20,BINANCE:BTCUSDT,71250.18,8e-05
2026-03-25 16:45:20,BINANCE:BTCUSDT,71250.18,8e-05
2026-03-25 16:45:20,BINANCE:BTCUSDT,71250.18,8e-05
2026-03-25 16:45:20,BINANCE:BTCUSDT,71250.18,0.00015
2026-03-25 16:45:20,BINANCE:BTCUSDT,71250.18,0.00015
2026-03-25 16:45:20,BINANCE:BTCUSDT,71250.18,8e-05
2026-03-25 16:45:20,BINANCE:BTCUSDT,71250.18,8e-05
2026-03-25 16:45:20,BINANCE:BTCUSDT,71250.18,8e-05
2026-03-25 16:45:20,BINANCE:BTCUSDT,71250.18,8e-05
2026-03-25 16:45:20,BINANCE:BTCUSDT,71250.18,8e-05
2026-03-25 16:45:20,BINANCE:BTCUSDT,71250.18,8e-05
2026-03-25 16:45:20,BINANCE:BTCUSDT,71250.18,0.00917
2026-03-25 16:45:20,BINANCE:BTCUSDT,71250.18,8e-05
2026-03-25 16:45:20,BINANCE:BTCUSDT,71250.18,8e-05
2026-03-25 16:45:20,BINANCE:BTCUSDT,71250.18,8e-05
2026-03-25 16:45:20,BINANCE:BTCUSDT,71250.18,8e-05
2026-03-25 16:45:20,BINANCE:BTCUSDT,71250.18,8e-05
2026-03-25 16:45:20,BINANCE:BTCUSDT,71250.18,8e-05
2026-03-25 16:45:20,BINANCE:BTCUSDT,71250.18,8e-05
2026-03-25 16:45:20,BINANCE:BTCUSDT,71250.18,8e-05
2026-03-25 16:45:20,BINANCE:BTCUSDT,71250.18,8e-05
2026-03-25 16:45:20,BINANCE:BTCUSDT,71250.18,8e-05
2026-03-25 16:45:20,BINANCE:BTCUSDT,71250.18,8e-05
2026-03-25 16:45:20,BINANCE:BTCUSDT,71250.18,8e-05
2026-03-25 16:45:20,BINANCE:BTCUSDT,71250.18,8e-05
2026-03-25 16:45:20,BINANCE:BTCUSDT,71250.18,8e-05
2026-03-25 16:45:20,BINANCE:BTCUSDT,71250.17,8e-05
2026-03-25 16:45:20,BINANCE:BTCUSDT,71250.17,8e-05
2026-03-25 16:45:20,BINANCE:BTCUSDT,71250.17,8e-05
2026-03-25 16:45:20,BINANCE:BTCUSDT,71250.17,8e-05
2026-03-25 16:45:20,BINANCE:BTCUSDT,71250.17,8e-05
2026-03-25 16:45:20,BINANCE:BTCUSDT,71250.17,8e-05
2026-03-25 16:45:20,BINANCE:BTCUSDT,71250.17,8e-05
2026-03-25 16:45:20,BINANCE:BTCUSDT,71250.17,8e-05
2026-03-25 16:45:20,BINANCE:BTCUSDT,71250.17,8e-05
2026-03-25 16:45:20,BINANCE:BTCUSDT,71250.07,8e-05
2026-03-25 16:45:20,BINANCE:BTCUSDT,71250.06,8e-05
2026-03-25 16:45:20,BINANCE:BTCUSDT,71250.06,8e-05
2026-03-25 16:45:20,BINANCE:BTCUSDT,71250.06,8e-05
2026-03-25 16:45:20,BINANCE:BTCUSDT,71250,0.0004
2026-03-25 16:45:20,BINANCE:BTCUSDT,71250,0.0004
2026-03-25 16:45:20,BINANCE:BTCUSDT,71250,0.0004
2026-03-25 16:45:20,BINANCE:BTCUSDT,71249.84,8e-05
2026-03-25 16:45:20,BINANCE:BTCUSDT,71249.83,8e-05
2026-03-25 16:45:20,BINANCE:BTCUSDT,71249.83,8e-05
2026-03-25 16:45:20,BINANCE:BTCUSDT,71249.62,0.00054
2026-03-25 16:45:20,BINANCE:BTCUSDT,71249.52,8e-05
2026-03-25 16:45:20,BINANCE:BTCUSDT,71249.05,9e-05
2026-03-25 16:45:20,BINANCE:BTCUSDT,71249.01,8e-05
2026-03-25 16:45:20,BINANCE:BTCUSDT,71249,8e-05
2026-03-25 16:45:20,BINANCE:BTCUSDT,71249,8e-05
2026-03-25 16:45:20,BINANCE:BTCUSDT,71249,8e-05
2026-03-25 16:45:20,BINANCE:BTCUSDT,71249,8e-05
2026-03-25 16:45:20,BINANCE:BNBUSDT,649.42,0.008
2026-03-25 16:45:20,BINANCE:BNBUSDT,649.42,0.009
2026-03-25 16:45:20,BINANCE:BNBUSDT,649.42,0.009
2026-03-25 16:45:20,BINANCE:BNBUSDT,649.42,0.009
2026-03-25 16:45:20,BINANCE:BNBUSDT,649.42,0.009
2026-03-25 16:45:20,BINANCE:BNBUSDT,649.42,0.009
2026-03-25 16:45:20,BINANCE:BNBUSDT,649.42,0.009
2026-03-25 16:45:20,BINANCE:BNBUSDT,649.42,0.008
2026-03-25 16:45:20,BINANCE:BNBUSDT,649.42,0.009
2026-03-25 16:45:20,BINANCE:BNBUSDT,649.42,0.009
2026-03-25 16:45:20,BINANCE:BNBUSDT,649.42,0.009
2026-03-25 16:45:20,BINANCE:BNBUSDT,649.42,0.009
2026-03-25 16:45:20,BINANCE:BNBUSDT,649.42,0.009
2026-03-25 16:45:20,BINANCE:BNBUSDT,649.42,0.009
2026-03-25 16:45:20,BINANCE:BNBUSDT,649.42,0.008
2026-03-25 16:45:20,BINANCE:BNBUSDT,649.42,0.009
2026-03-25 16:45:20,BINANCE:BNBUSDT,649.42,0.008
2026-03-25 16:45:20,BINANCE:BNBUSDT,649.42,0.001
2026-03-25 16:45:20,BINANCE:BNBUSDT,649.42,0.009
2026-03-25 16:45:20,BINANCE:BNBUSDT,649.42,0.009
2026-03-25 16:45:20,BINANCE:BNBUSDT,649.42,0.005
2026-03-25 16:45:20,BINANCE:BNBUSDT,649.42,0.004
2026-03-25 16:45:20,BINANCE:BNBUSDT,649.42,0.009
2026-03-25 16:45:20,BINANCE:BNBUSDT,649.42,0.008
2026-03-25 16:45:20,BINANCE:BNBUSDT,649.42,0.009
2026-03-25 16:45:20,BINANCE:BNBUSDT,649.42,0.009
2026-03-25 16:45:20,BINANCE:BNBUSDT,649.42,0.009
2026-03-25 16:45:20,BINANCE:BNBUSDT,649.42,0.009
2026-03-25 16:45:20,BINANCE:BNBUSDT,649.42,0.009
2026-03-25 16:45:20,BINANCE:BNBUSDT,649.42,0.008
2026-03-25 16:45:20,BINANCE:BNBUSDT,649.42,0.002
2026-03-25 16:45:20,BINANCE:BNBUSDT,649.42,0.006
2026-03-25 16:45:20,BINANCE:BNBUSDT,649.42,0.009
2026-03-25 16:45:20,BINANCE:BNBUSDT,649.42,0.009
2026-03-25 16:45:20,BINANCE:BNBUSDT,649.42,0.009
2026-03-25 16:45:20,BINANCE:BNBUSDT,649.42,0.001
2026-03-25 16:45:20,BINANCE:BNBUSDT,649.42,0.008
2026-03-25 16:45:20,BINANCE:BNBUSDT,649.42,0.009
2026-03-25 16:45:20,BINANCE:BNBUSDT,649.42,0.008
2026-03-25 16:45:20,BINANCE:BNBUSDT,649.42,0.009
2026-03-25 16:45:20,BINANCE:BNBUSDT,649.42,0.009
2026-03-25 16:45:20,BINANCE:BNBUSDT,649.42,0.009
2026-03-25 16:45:20,BINANCE:BNBUSDT,649.42,0.005
2026-03-25 16:45:20,BINANCE:BNBUSDT,649.43,0.531
2026-03-25 16:45:20,BINANCE:BNBUSDT,649.43,0.443
2026-03-25 16:45:20,BINANCE:BTCUSDT,71248.99,0.00395
2026-03-25 16:45:21,BINANCE:BTCUSDT,71249,0.00119
2026-03-25 16:45:21,BINANCE:BNBUSDT,649.42,0.004
2026-03-25 16:45:21,BINANCE:BNBUSDT,649.42,0.008
2026-03-25 16:45:21,BINANCE:BNBUSDT,649.42,0.009
2026-03-25 16:45:21,BINANCE:BNBUSDT,649.42,0.009
2026-03-25 16:45:21,BINANCE:BNBUSDT,649.42,0.009
2026-03-25 16:45:21,BINANCE:BNBUSDT,649.42,0.009
2026-03-25 16:45:21,BINANCE:BNBUSDT,649.42,0.009
2026-03-25 16:45:21,BINANCE:BNBUSDT,649.42,0.011
2026-03-25 16:45:21,BINANCE:BNBUSDT,649.42,0.009
2026-03-25 16:45:21,BINANCE:BNBUSDT,649.42,0.008
2026-03-25 16:45:21,BINANCE:BNBUSDT,649.42,0.009
2026-03-25 16:45:21,BINANCE:BNBUSDT,649.42,0.008
2026-03-25 16:45:21,BINANCE:BNBUSDT,649.41,0.008
2026-03-25 16:45:21,BINANCE:BNBUSDT,649.41,0.002
2026-03-25 16:45:21,BINANCE:BNBUSDT,649.41,0.007
2026-03-25 16:45:21,BINANCE:BTCUSDT,71241.78,8e-05
2026-03-25 16:45:21,BINANCE:BNBUSDT,649.41,0.009
2026-03-25 16:45:21,BINANCE:BNBUSDT,649.41,0.008
2026-03-25 16:45:21,BINANCE:BTCUSDT,71241.78,8e-05
2026-03-25 16:45:21,BINANCE:BNBUSDT,649.41,0.009
2026-03-25 16:45:21,BINANCE:BNBUSDT,649.41,0.009
2026-03-25 16:45:21,BINANCE:BTCUSDT,71241.78,8e-05
2026-03-25 16:45:21,BINANCE:BNBUSDT,649.41,0.009
2026-03-25 16:45:21,BINANCE:BTCUSDT,71241.78,8e-05
2026-03-25 16:45:21,BINANCE:BNBUSDT,649.41,0.009
2026-03-25 16:45:21,BINANCE:BNBUSDT,649.41,0.008
2026-03-25 16:45:21,BINANCE:BTCUSDT,71241.42,0.0196
2026-03-25 16:45:21,BINANCE:BNBUSDT,649.41,0.009
2026-03-25 16:45:21,BINANCE:BNBUSDT,649.41,0.009
2026-03-25 16:45:21,BINANCE:BTCUSDT,71241.42,0.0144
2026-03-25 16:45:21,BINANCE:BNBUSDT,649.41,0.008
2026-03-25 16:45:21,BINANCE:BTCUSDT,71241.07,0.036
2026-03-25 16:45:21,BINANCE:BNBUSDT,649.4,0.009
2026-03-25 16:45:21,BINANCE:BNBUSDT,649.4,0.009
2026-03-25 16:45:21,BINANCE:BTCUSDT,71241.06,0.03914
2026-03-25 16:45:21,BINANCE:BNBUSDT,649.4,0.009
2026-03-25 16:45:21,BINANCE:BNBUSDT,649.39,0.009
2026-03-25 16:45:21,BINANCE:BNBUSDT,649.38,0.008
2026-03-25 16:45:21,BINANCE:BNBUSDT,649.38,0.008
2026-03-25 16:45:21,BINANCE:BNBUSDT,649.38,0.009
2026-03-25 16:45:21,BINANCE:BNBUSDT,649.38,0.009
2026-03-25 16:45:21,BINANCE:BNBUSDT,649.37,0.016
2026-03-25 16:45:21,BINANCE:BNBUSDT,649.37,0.009
2026-03-25 16:45:21,BINANCE:BTCUSDT,71248.99,0.01403
2026-03-25 16:45:21,BINANCE:BTCUSDT,71248.99,0.04
2026-03-25 16:45:21,BINANCE:BTCUSDT,71248.99,0.0863
2026-03-25 16:45:21,BINANCE:ETHUSDT,2180.66,0.0023
2026-03-25 16:45:21,BINANCE:BTCUSDT,71248.99,0.00016
2026-03-25 16:45:21,BINANCE:ETHUSDT,2180.66,0.0024
2026-03-25 16:45:21,BINANCE:ETHUSDT,2180.66,0.0025
2026-03-25 16:45:21,BINANCE:BTCUSDT,71248.99,8e-05
2026-03-25 16:45:21,BINANCE:ETHUSDT,2180.66,0.0047
2026-03-25 16:45:21,BINANCE:ETHUSDT,2180.66,0.0024
2026-03-25 16:45:21,BINANCE:BTCUSDT,71248.99,8e-05
2026-03-25 16:45:21,BINANCE:ETHUSDT,2180.66,0.0024
2026-03-25 16:45:21,BINANCE:ETHUSDT,2180.66,0.0024
2026-03-25 16:45:21,BINANCE:BTCUSDT,71248.99,8e-05
2026-03-25 16:45:21,BINANCE:ETHUSDT,2180.66,0.224
2026-03-25 16:45:21,BINANCE:BTCUSDT,71248.99,0.00015
2026-03-25 16:45:21,BINANCE:ETHUSDT,2180.66,0.0047
2026-03-25 16:45:21,BINANCE:ETHUSDT,2180.66,0.4415
2026-03-25 16:45:21,BINANCE:BTCUSDT,71248.99,8e-05
2026-03-25 16:45:21,BINANCE:ETHUSDT,2180.66,0.2549
2026-03-25 16:45:21,BINANCE:ETHUSDT,2180.66,0.0116
2026-03-25 16:45:21,BINANCE:BTCUSDT,71248.99,8e-05
2026-03-25 16:45:21,BINANCE:ETHUSDT,2180.66,0.0023
2026-03-25 16:45:21,BINANCE:BTCUSDT,71248.99,8e-05
2026-03-25 16:45:21,BINANCE:ETHUSDT,2180.65,0.0023
2026-03-25 16:45:21,BINANCE:ETHUSDT,2180.65,0.0025
2026-03-25 16:45:21,BINANCE:BTCUSDT,71248.99,8e-05
2026-03-25 16:45:21,BINANCE:ETHUSDT,2180.65,0.0024
2026-03-25 16:45:21,BINANCE:ETHUSDT,2180.65,0.0023
2026-03-25 16:45:21,BINANCE:BTCUSDT,71248.99,8e-05
2026-03-25 16:45:21,BINANCE:ETHUSDT,2180.64,0.0023
2026-03-25 16:45:21,BINANCE:ETHUSDT,2180.64,0.0024
2026-03-25 16:45:21,BINANCE:BTCUSDT,71248.99,8e-05
2026-03-25 16:45:21,BINANCE:ETHUSDT,2180.64,0.0025
2026-03-25 16:45:21,BINANCE:BTCUSDT,71248.99,8e-05
2026-03-25 16:45:21,BINANCE:ETHUSDT,2180.64,0.0025
2026-03-25 16:45:21,BINANCE:ETHUSDT,2180.64,0.0024
2026-03-25 16:45:21,BINANCE:BTCUSDT,71248.99,8e-05
2026-03-25 16:45:21,BINANCE:ETHUSDT,2180.64,0.0023
2026-03-25 16:45:21,BINANCE:ETHUSDT,2180.64,0.0023
2026-03-25 16:45:21,BINANCE:BTCUSDT,71248.99,0.0046
2026-03-25 16:45:21,BINANCE:ETHUSDT,2180.64,0.0023
2026-03-25 16:45:21,BINANCE:ETHUSDT,2180.64,0.0023
2026-03-25 16:45:21,BINANCE:BTCUSDT,71248.99,8e-05
2026-03-25 16:45:21,BINANCE:BTCUSDT,71248.99,8e-05
2026-03-25 16:45:21,BINANCE:BTCUSDT,71248.99,8e-05
2026-03-25 16:45:21,BINANCE:BTCUSDT,71248.99,8e-05
2026-03-25 16:45:21,BINANCE:BTCUSDT,71248.99,8e-05
2026-03-25 16:45:21,BINANCE:BTCUSDT,71248.99,8e-05
2026-03-25 16:45:21,BINANCE:BTCUSDT,71248.99,8e-05
2026-03-25 16:45:21,BINANCE:BTCUSDT,71248.99,0.00015
2026-03-25 16:45:21,BINANCE:BTCUSDT,71248.99,8e-05
2026-03-25 16:45:21,BINANCE:BTCUSDT,71248.99,8e-05
2026-03-25 16:45:21,BINANCE:BTCUSDT,71248.99,8e-05
2026-03-25 16:45:21,BINANCE:BTCUSDT,71248.99,8e-05
2026-03-25 16:45:21,BINANCE:BTCUSDT,71248.99,0.0895
2026-03-25 16:45:21,BINANCE:BTCUSDT,71248.99,8e-05
2026-03-25 16:45:21,BINANCE:BTCUSDT,71248.99,0.12258
2026-03-25 16:45:21,BINANCE:BTCUSDT,71248.99,0.00069
2026-03-25 16:45:21,BINANCE:BTCUSDT,71248.99,8e-05
2026-03-25 16:45:21,BINANCE:BTCUSDT,71248.99,8e-05
2026-03-25 16:45:21,BINANCE:BTCUSDT,71248.98,8e-05
2026-03-25 16:45:21,BINANCE:BTCUSDT,71248.98,8e-05
2026-03-25 16:45:21,BINANCE:BTCUSDT,71248.98,8e-05
2026-03-25 16:45:21,BINANCE:BTCUSDT,71248.98,8e-05
2026-03-25 16:45:21,BINANCE:BTCUSDT,71248.98,8e-05
2026-03-25 16:45:21,BINANCE:BTCUSDT,71248.98,8e-05
2026-03-25 16:45:21,BINANCE:BTCUSDT,71248.98,8e-05
2026-03-25 16:45:21,BINANCE:BTCUSDT,71248.98,8e-05
2026-03-25 16:45:21,BINANCE:BTCUSDT,71248.98,8e-05
2026-03-25 16:45:21,BINANCE:BTCUSDT,71248.35,0.00469
2026-03-25 16:45:21,BINANCE:BTCUSDT,71248.32,0.00249
2026-03-25 16:45:21,BINANCE:BTCUSDT,71248.25,8e-05
2026-03-25 16:45:21,BINANCE:BTCUSDT,71248,0.0004
2026-03-25 16:45:21,BINANCE:BTCUSDT,71248,0.0004
2026-03-25 16:45:21,BINANCE:BTCUSDT,71248,0.0004
2026-03-25 16:45:21,BINANCE:BTCUSDT,71247.66,8e-05
2026-03-25 16:45:21,BINANCE:BTCUSDT,71247.66,8e-05
2026-03-25 16:45:21,BINANCE:BTCUSDT,71247.54,8e-05
2026-03-25 16:45:21,BINANCE:BTCUSDT,71247.34,8e-05
2026-03-25 16:45:21,BINANCE:BTCUSDT,71247.26,8e-05
2026-03-25 16:45:21,BINANCE:BTCUSDT,71247.07,0.00011
2026-03-25 16:45:21,BINANCE:BTCUSDT,71247.05,0.00497
2026-03-25 16:45:21,BINANCE:BTCUSDT,71246.6,8e-05
2026-03-25 16:45:21,BINANCE:BTCUSDT,71246.6,8e-05
2026-03-25 16:45:21,BINANCE:BTCUSDT,71246.59,0.02282
2026-03-25 16:45:21,BINANCE:BTCUSDT,71246.59,8e-05
2026-03-25 16:45:21,BINANCE:BTCUSDT,71246.59,8e-05
2026-03-25 16:45:21,BINANCE:BTCUSDT,71246.49,8e-05
2026-03-25 16:45:21,BINANCE:BTCUSDT,71246.25,0.00057
2026-03-25 16:45:21,BINANCE:BTCUSDT,71246.18,8e-05
2026-03-25 16:45:21,BINANCE:BTCUSDT,71246.18,8e-05
2026-03-25 16:45:21,BINANCE:BTCUSDT,71246.17,8e-05
2026-03-25 16:45:21,BINANCE:BTCUSDT,71246.17,8e-05
2026-03-25 16:45:21,BINANCE:BTCUSDT,71246.16,0.00373
2026-03-25 16:45:21,BINANCE:BTCUSDT,71246,0.0004
2026-03-25 16:45:21,BINANCE:BTCUSDT,71246,0.0004
2026-03-25 16:45:21,BINANCE:BTCUSDT,71246,0.0004
2026-03-25 16:45:21,BINANCE:BTCUSDT,71245.99,8e-05
2026-03-25 16:45:21,BINANCE:BTCUSDT,71245.95,8e-05
2026-03-25 16:45:21,BINANCE:BTCUSDT,71245.95,8e-05
2026-03-25 16:45:21,BINANCE:BTCUSDT,71244.1,8e-05
2026-03-25 16:45:21,BINANCE:BTCUSDT,71244.1,8e-05
2026-03-25 16:45:21,BINANCE:BTCUSDT,71244.09,0.13182
2026-03-25 16:45:21,BINANCE:BTCUSDT,71244.09,8e-05
2026-03-25 16:45:21,BINANCE:BTCUSDT,71244.09,8e-05
2026-03-25 16:45:21,BINANCE:BTCUSDT,71244.09,8e-05
2026-03-25 16:45:21,BINANCE:BTCUSDT,71244.09,8e-05
2026-03-25 16:45:21,BINANCE:BTCUSDT,71244.09,8e-05
2026-03-25 16:45:21,BINANCE:BTCUSDT,71244.09,8e-05
2026-03-25 16:45:21,BINANCE:BTCUSDT,71244,0.0004
2026-03-25 16:45:21,BINANCE:BTCUSDT,71244,0.0004
2026-03-25 16:45:21,BINANCE:BTCUSDT,71244,0.0004
2026-03-25 16:45:21,BINANCE:BTCUSDT,71243.42,8e-05
2026-03-25 16:45:21,BINANCE:BTCUSDT,71243.38,8e-05
2026-03-25 16:45:21,BINANCE:BTCUSDT,71243.17,8e-05
2026-03-25 16:45:21,BINANCE:BTCUSDT,71243.17,8e-05
2026-03-25 16:45:21,BINANCE:BTCUSDT,71243.06,0.00141
2026-03-25 16:45:21,BINANCE:BTCUSDT,71242.92,8e-05
2026-03-25 16:45:21,BINANCE:BTCUSDT,71242.84,8e-05
2026-03-25 16:45:21,BINANCE:BTCUSDT,71242.83,8e-05
2026-03-25 16:45:21,BINANCE:BTCUSDT,71242.83,8e-05
2026-03-25 16:45:21,BINANCE:BTCUSDT,71242.83,0.12126
2026-03-25 16:45:21,BINANCE:BTCUSDT,71242.83,8e-05
2026-03-25 16:45:21,BINANCE:BTCUSDT,71242.83,8e-05
2026-03-25 16:45:21,BINANCE:BTCUSDT,71242.82,0.01176
2026-03-25 16:45:21,BINANCE:BTCUSDT,71242.82,0.01403
2026-03-25 16:45:21,BINANCE:ETHUSDT,2180.63,0.1147
2026-03-25 16:45:21,BINANCE:ETHUSDT,2180.63,0.0023
2026-03-25 16:45:21,BINANCE:ETHUSDT,2180.63,0.0024
2026-03-25 16:45:21,BINANCE:ETHUSDT,2180.63,0.0025
2026-03-25 16:45:21,BINANCE:ETHUSDT,2180.63,3.3695
2026-03-25 16:45:21,BINANCE:BTCUSDT,71242.82,0.00821
2026-03-25 16:45:21,BINANCE:BTCUSDT,71242.82,8e-05
2026-03-25 16:45:21,BINANCE:BTCUSDT,71242.82,8e-05
2026-03-25 16:45:21,BINANCE:BTCUSDT,71242.82,8e-05
2026-03-25 16:45:21,BINANCE:BTCUSDT,71242.82,8e-05
2026-03-25 16:45:21,BINANCE:BTCUSDT,71242.82,8e-05
2026-03-25 16:45:21,BINANCE:BTCUSDT,71242.82,8e-05
2026-03-25 16:45:21,BINANCE:BTCUSDT,71242.82,8e-05
2026-03-25 16:45:21,BINANCE:BTCUSDT,71242.82,8e-05
2026-03-25 16:45:21,BINANCE:BTCUSDT,71242.82,8e-05
2026-03-25 16:45:21,BINANCE:BTCUSDT,71242.82,8e-05
2026-03-25 16:45:21,BINANCE:BTCUSDT,71242.82,8e-05
2026-03-25 16:45:21,BINANCE:BTCUSDT,71242.64,8e-05
2026-03-25 16:45:21,BINANCE:BTCUSDT,71242.63,8e-05
2026-03-25 16:45:21,BINANCE:BTCUSDT,71242.63,8e-05
2026-03-25 16:45:21,BINANCE:BTCUSDT,71242.63,8e-05
2026-03-25 16:45:21,BINANCE:BTCUSDT,71242.63,8e-05
2026-03-25 16:45:21,BINANCE:BTCUSDT,71242.52,8e-05
2026-03-25 16:45:21,BINANCE:BTCUSDT,71242.51,8e-05
2026-03-25 16:45:21,BINANCE:BTCUSDT,71242.51,8e-05
2026-03-25 16:45:21,BINANCE:BTCUSDT,71242.51,8e-05
2026-03-25 16:45:21,BINANCE:BTCUSDT,71242.51,8e-05
2026-03-25 16:45:21,BINANCE:BTCUSDT,71242.51,8e-05
2026-03-25 16:45:21,BINANCE:BTCUSDT,71242.51,8e-05
2026-03-25 16:45:21,BINANCE:BTCUSDT,71242.51,8e-05
2026-03-25 16:45:21,BINANCE:BTCUSDT,71242.46,8e-05
2026-03-25 16:45:21,BINANCE:BTCUSDT,71242.45,0.00015
2026-03-25 16:45:21,BINANCE:BTCUSDT,71242.37,8e-05
2026-03-25 16:45:21,BINANCE:BTCUSDT,71242.37,8e-05
2026-03-25 16:45:21,BINANCE:BTCUSDT,71242.02,9e-05
2026-03-25 16:45:21,BINANCE:BTCUSDT,71242,0.0004
2026-03-25 16:45:21,BINANCE:BTCUSDT,71242,0.0004
2026-03-25 16:45:21,BINANCE:BTCUSDT,71242,0.0004
2026-03-25 16:45:21,BINANCE:BTCUSDT,71241.87,8e-05
2026-03-25 16:45:21,BINANCE:BTCUSDT,71241.78,0.00811
2026-03-25 16:45:21,BINANCE:ETHUSDT,2180.63,2.6095
2026-03-25 16:45:21,BINANCE:ETHUSDT,2180.63,3.1953
2026-03-25 16:45:21,BINANCE:ETHUSDT,2180.63,0.0047
2026-03-25 16:45:21,BINANCE:ETHUSDT,2180.63,0.0024
2026-03-25 16:45:21,BINANCE:ETHUSDT,2180.63,0.1911
2026-03-25 16:45:21,BINANCE:ETHUSDT,2180.63,0.0095
2026-03-25 16:45:21,BINANCE:ETHUSDT,2180.63,0.0023
2026-03-25 16:45:21,BINANCE:ETHUSDT,2180.63,0.0023
2026-03-25 16:45:21,BINANCE:ETHUSDT,2180.63,0.0023
2026-03-25 16:45:21,BINANCE:ETHUSDT,2180.63,0.0023
2026-03-25 16:45:21,BINANCE:ETHUSDT,2180.62,0.0023
2026-03-25 16:45:21,BINANCE:ETHUSDT,2180.62,0.0025
2026-03-25 16:45:21,BINANCE:ETHUSDT,2180.62,0.0144
2026-03-25 16:45:21,BINANCE:ETHUSDT,2180.62,0.0023
2026-03-25 16:45:21,BINANCE:ETHUSDT,2180.61,0.0023
2026-03-25 16:45:21,BINANCE:ETHUSDT,2180.61,0.0024
2026-03-25 16:45:21,BINANCE:ETHUSDT,2180.61,0.0025
2026-03-25 16:45:21,BINANCE:ETHUSDT,2180.61,0.0023
2026-03-25 16:45:21,BINANCE:ETHUSDT,2180.6,0.0023
2026-03-25 16:45:21,BINANCE:ETHUSDT,2180.6,0.0137
2026-03-25 16:45:21,BINANCE:ETHUSDT,2180.6,0.003
2026-03-25 16:45:21,BINANCE:ETHUSDT,2180.6,0.0023
2026-03-25 16:45:21,BINANCE:ETHUSDT,2180.6,0.0024
2026-03-25 16:45:21,BINANCE:ETHUSDT,2180.6,0.0025
2026-03-25 16:45:21,BINANCE:ETHUSDT,2180.6,0.0025
2026-03-25 16:45:21,BINANCE:ETHUSDT,2180.6,0.0023
2026-03-25 16:45:21,BINANCE:ETHUSDT,2180.6,0.0023
2026-03-25 16:45:21,BINANCE:ETHUSDT,2180.6,0.0023
2026-03-25 16:45:21,BINANCE:ETHUSDT,2180.6,0.0023
2026-03-25 16:45:21,BINANCE:ETHUSDT,2180.59,0.0594
2026-03-25 16:45:21,BINANCE:ETHUSDT,2180.59,0.0023
2026-03-25 16:45:21,BINANCE:ETHUSDT,2180.59,0.0023
2026-03-25 16:45:21,BINANCE:ETHUSDT,2180.59,0.0025
2026-03-25 16:45:21,BINANCE:ETHUSDT,2180.59,0.0025
2026-03-25 16:45:21,BINANCE:ETHUSDT,2180.59,0.0023
2026-03-25 16:45:21,BINANCE:ETHUSDT,2180.59,0.0023
2026-03-25 16:45:21,BINANCE:BNBUSDT,649.36,0.5
2026-03-25 16:45:21,BINANCE:BNBUSDT,649.36,0.009
2026-03-25 16:45:21,BINANCE:BNBUSDT,649.36,1.683
2026-03-25 16:45:21,BINANCE:BNBUSDT,649.36,1.317
2026-03-25 16:45:21,BINANCE:BNBUSDT,649.36,0.016
2026-03-25 16:45:21,BINANCE:BNBUSDT,649.36,0.008
2026-03-25 16:45:21,BINANCE:BNBUSDT,649.36,0.009
2026-03-25 16:45:21,BINANCE:BNBUSDT,649.36,0.009
2026-03-25 16:45:21,BINANCE:BNBUSDT,649.36,0.009
2026-03-25 16:45:21,BINANCE:BNBUSDT,649.36,0.009
2026-03-25 16:45:21,BINANCE:BNBUSDT,649.36,0.009
2026-03-25 16:45:21,BINANCE:BNBUSDT,649.36,0.009
2026-03-25 16:45:21,BINANCE:BNBUSDT,649.36,0.009
2026-03-25 16:45:21,BINANCE:BNBUSDT,649.36,0.008
2026-03-25 16:45:21,BINANCE:BNBUSDT,649.36,0.009
2026-03-25 16:45:21,BINANCE:BNBUSDT,649.36,0.009
2026-03-25 16:45:21,BINANCE:BNBUSDT,649.36,0.008
2026-03-25 16:45:21,BINANCE:ETHUSDT,2180.58,0.0024
2026-03-25 16:45:21,BINANCE:ETHUSDT,2180.58,0.0025
2026-03-25 16:45:21,BINANCE:ETHUSDT,2180.58,0.0024
2026-03-25 16:45:21,BINANCE:ETHUSDT,2180.57,0.0023
2026-03-25 16:45:21,BINANCE:ETHUSDT,2180.57,0.0364
2026-03-25 16:45:21,BINANCE:ETHUSDT,2180.57,0.0025
2026-03-25 16:45:21,BINANCE:ETHUSDT,2180.57,0.026
2026-03-25 16:45:21,BINANCE:ETHUSDT,2180.57,0.0092
2026-03-25 16:45:21,BINANCE:BTCUSDT,71248.99,0.00168
2026-03-25 16:45:21,BINANCE:ETHUSDT,2180.57,0.0023
2026-03-25 16:45:21,BINANCE:ETHUSDT,2180.56,0.0023
2026-03-25 16:45:21,BINANCE:ETHUSDT,2180.56,0.0025
2026-03-25 16:45:21,BINANCE:ETHUSDT,2180.56,0.0023
2026-03-25 16:45:21,BINANCE:ETHUSDT,2180.55,0.0393
2026-03-25 16:45:21,BINANCE:ETHUSDT,2180.55,0.0023
2026-03-25 16:45:21,BINANCE:ETHUSDT,2180.55,0.0025
2026-03-25 16:45:21,BINANCE:ETHUSDT,2180.55,0.0023
2026-03-25 16:45:21,BINANCE:ETHUSDT,2180.55,0.0023
2026-03-25 16:45:21,BINANCE:ETHUSDT,2180.55,0.0023
2026-03-25 16:45:21,BINANCE:ETHUSDT,2180.55,0.0023
2026-03-25 16:45:21,BINANCE:ETHUSDT,2180.54,0.0023
2026-03-25 16:45:21,BINANCE:ETHUSDT,2180.54,0.0024
2026-03-25 16:45:21,BINANCE:ETHUSDT,2180.54,0.0025
2026-03-25 16:45:21,BINANCE:ETHUSDT,2180.54,0.0023
2026-03-25 16:45:21,BINANCE:ETHUSDT,2180.54,0.0023
2026-03-25 16:45:21,BINANCE:ETHUSDT,2180.54,0.0023
2026-03-25 16:45:21,BINANCE:ETHUSDT,2180.54,0.0023
2026-03-25 16:45:21,BINANCE:ETHUSDT,2180.53,0.0028
2026-03-25 16:45:21,BINANCE:ETHUSDT,2180.53,0.0023
2026-03-25 16:45:21,BINANCE:ETHUSDT,2180.53,0.0025
2026-03-25 16:45:21,BINANCE:ETHUSDT,2180.53,0.0023
2026-03-25 16:45:21,BINANCE:ETHUSDT,2180.53,0.0023
2026-03-25 16:45:21,BINANCE:ETHUSDT,2180.53,0.0023
2026-03-25 16:45:21,BINANCE:ETHUSDT,2180.53,0.0023
2026-03-25 16:45:21,BINANCE:ETHUSDT,2180.52,0.019
2026-03-25 16:45:21,BINANCE:ETHUSDT,2180.52,0.0023
2026-03-25 16:45:21,BINANCE:ETHUSDT,2180.52,0.0025
2026-03-25 16:45:21,BINANCE:ETHUSDT,2180.52,0.0024
2026-03-25 16:45:21,BINANCE:ETHUSDT,2180.52,0.03
2026-03-25 16:45:21,BINANCE:ETHUSDT,2180.52,0.0023
2026-03-25 16:45:21,BINANCE:ETHUSDT,2180.51,0.0183
2026-03-25 16:45:21,BINANCE:ETHUSDT,2180.51,0.0023
2026-03-25 16:45:21,BINANCE:ETHUSDT,2180.51,0.5623
2026-03-25 16:45:21,BINANCE:ETHUSDT,2180.51,0.5635
2026-03-25 16:45:21,BINANCE:ETHUSDT,2180.51,0.0023
2026-03-25 16:45:21,BINANCE:ETHUSDT,2180.51,0.0023
2026-03-25 16:45:21,BINANCE:ETHUSDT,2180.51,0.0023
2026-03-25 16:45:21,BINANCE:BTCUSDT,71241.78,8e-05
2026-03-25 16:45:21,BINANCE:BTCUSDT,71241.78,8e-05
2026-03-25 16:45:21,BINANCE:BTCUSDT,71241.06,0.01086
2026-03-25 16:45:21,BINANCE:BTCUSDT,71241.06,8e-05
2026-03-25 16:45:21,BINANCE:BTCUSDT,71241.06,8e-05
2026-03-25 16:45:21,BINANCE:BTCUSDT,71241.03,0.042
2026-03-25 16:45:21,BINANCE:BTCUSDT,71241,8e-05
2026-03-25 16:45:21,BINANCE:BTCUSDT,71241,8e-05
2026-03-25 16:45:21,BINANCE:BTCUSDT,71240.88,8e-05
2026-03-25 16:45:21,BINANCE:BTCUSDT,71240.41,0.06622
2026-03-25 16:45:21,BINANCE:BTCUSDT,71240.41,0.01
2026-03-25 16:45:21,BINANCE:BTCUSDT,71240.41,0.01744
2026-03-25 16:45:21,BINANCE:BTCUSDT,71240.41,0.0137
2026-03-25 16:45:21,BINANCE:BTCUSDT,71240.41,0.02344
2026-03-25 16:45:21,BINANCE:BTCUSDT,71240.41,8e-05
2026-03-25 16:45:21,BINANCE:BTCUSDT,71240.41,8e-05
2026-03-25 16:45:21,BINANCE:BTCUSDT,71240.41,8e-05
2026-03-25 16:45:21,BINANCE:BTCUSDT,71240.41,8e-05
2026-03-25 16:45:21,BINANCE:BTCUSDT,71240.41,8e-05
2026-03-25 16:45:21,BINANCE:BTCUSDT,71240.41,8e-05
2026-03-25 16:45:21,BINANCE:BTCUSDT,71240.41,8e-05
2026-03-25 16:45:21,BINANCE:BTCUSDT,71240.41,8e-05
2026-03-25 16:45:21,BINANCE:BTCUSDT,71240.4,8e-05
2026-03-25 16:45:21,BINANCE:BTCUSDT,71240.4,8e-05
2026-03-25 16:45:21,BINANCE:BTCUSDT,71240.2,0.003
2026-03-25 16:45:21,BINANCE:BTCUSDT,71240.14,0.00141
2026-03-25 16:45:21,BINANCE:BTCUSDT,71240,0.0004
2026-03-25 16:45:21,BINANCE:BTCUSDT,71240,0.0004
2026-03-25 16:45:21,BINANCE:BTCUSDT,71240,0.0004
2026-03-25 16:45:21,BINANCE:BTCUSDT,71239.92,0.00011
2026-03-25 16:45:21,BINANCE:BTCUSDT,71239.68,0.00373
2026-03-25 16:45:21,BINANCE:BTCUSDT,71239.68,0.00249
2026-03-25 16:45:21,BINANCE:BTCUSDT,71239.57,8e-05
2026-03-25 16:45:21,BINANCE:BTCUSDT,71239.35,8e-05
2026-03-25 16:45:21,BINANCE:BTCUSDT,71239.29,8e-05
2026-03-25 16:45:21,BINANCE:BTCUSDT,71239.28,8e-05
2026-03-25 16:45:21,BINANCE:BTCUSDT,71239.28,8e-05
2026-03-25 16:45:21,BINANCE:BTCUSDT,71239.28,8e-05
2026-03-25 16:45:21,BINANCE:BTCUSDT,71239.28,8e-05
2026-03-25 16:45:21,BINANCE:BTCUSDT,71239.28,8e-05
2026-03-25 16:45:21,BINANCE:BTCUSDT,71239.15,8e-05
2026-03-25 16:45:21,BINANCE:BTCUSDT,71239.14,8e-05
2026-03-25 16:45:21,BINANCE:BTCUSDT,71239.14,8e-05
2026-03-25 16:45:21,BINANCE:BTCUSDT,71239.14,8e-05
2026-03-25 16:45:21,BINANCE:BTCUSDT,71239.14,8e-05
2026-03-25 16:45:21,BINANCE:BTCUSDT,71239.14,8e-05
2026-03-25 16:45:21,BINANCE:ETHUSDT,2180.5,0.003
2026-03-25 16:45:21,BINANCE:ETHUSDT,2180.5,0.002
2026-03-25 16:45:21,BINANCE:BTCUSDT,71239.13,0.00057
2026-03-25 16:45:21,BINANCE:BTCUSDT,71239.01,8e-05
2026-03-25 16:45:21,BINANCE:BTCUSDT,71239.01,8e-05
2026-03-25 16:45:21,BINANCE:BTCUSDT,71238.93,8e-05
2026-03-25 16:45:21,BINANCE:BTCUSDT,71238.7,0.00497
2026-03-25 16:45:21,BINANCE:BTCUSDT,71238.46,0.03422
2026-03-25 16:45:21,BINANCE:ETHUSDT,2180.5,0.0003
2026-03-25 16:45:21,BINANCE:ETHUSDT,2180.48,0.023
2026-03-25 16:45:21,BINANCE:ETHUSDT,2180.48,0.0017
2026-03-25 16:45:21,BINANCE:BTCUSDT,71238.46,0.01178
2026-03-25 16:45:21,BINANCE:BTCUSDT,71238.46,8e-05
2026-03-25 16:45:21,BINANCE:BTCUSDT,71238.46,8e-05
2026-03-25 16:45:21,BINANCE:BTCUSDT,71238.46,8e-05
2026-03-25 16:45:21,BINANCE:BTCUSDT,71238.46,8e-05
2026-03-25 16:45:21,BINANCE:BTCUSDT,71238.46,8e-05
2026-03-25 16:45:21,BINANCE:BTCUSDT,71238.46,8e-05
2026-03-25 16:45:21,BINANCE:BTCUSDT,71238.46,8e-05
2026-03-25 16:45:21,BINANCE:BTCUSDT,71238.19,0.00015
2026-03-25 16:45:21,BINANCE:BTCUSDT,71238,0.0004
2026-03-25 16:45:21,BINANCE:BTCUSDT,71238,0.0004
2026-03-25 16:45:21,BINANCE:BTCUSDT,71238,0.0004
2026-03-25 16:45:21,BINANCE:BTCUSDT,71237.52,0.01042
2026-03-25 16:45:21,BINANCE:BTCUSDT,71237.33,0.0014
2026-03-25 16:45:21,BINANCE:BTCUSDT,71236.47,0.03
2026-03-25 16:45:21,BINANCE:ETHUSDT,2180.5,0.0025
2026-03-25 16:45:21,BINANCE:ETHUSDT,2180.5,0.0023
2026-03-25 16:45:21,BINANCE:ETHUSDT,2180.5,0.0024
2026-03-25 16:45:21,BINANCE:ETHUSDT,2180.5,0.0023
2026-03-25 16:45:21,BINANCE:ETHUSDT,2180.48,0.0006
2026-03-25 16:45:21,BINANCE:ETHUSDT,2180.48,0.0023
2026-03-25 16:45:21,BINANCE:ETHUSDT,2180.47,0.0459
2026-03-25 16:45:21,BINANCE:ETHUSDT,2180.47,0.0023
2026-03-25 16:45:21,BINANCE:ETHUSDT,2180.47,0.0024
2026-03-25 16:45:21,BINANCE:ETHUSDT,2180.47,0.0023
2026-03-25 16:45:21,BINANCE:ETHUSDT,2180.46,0.0023
2026-03-25 16:45:21,BINANCE:ETHUSDT,2180.46,0.0788
2026-03-25 16:45:21,BINANCE:ETHUSDT,2180.46,0.0023
2026-03-25 16:45:21,BINANCE:ETHUSDT,2180.45,0.0023
2026-03-25 16:45:21,BINANCE:ETHUSDT,2180.45,0.0023
2026-03-25 16:45:21,BINANCE:ETHUSDT,2180.44,0.0134
2026-03-25 16:45:21,BINANCE:ETHUSDT,2180.44,0.0023
2026-03-25 16:45:21,BINANCE:ETHUSDT,2180.44,0.0023
2026-03-25 16:45:21,BINANCE:ETHUSDT,2180.43,0.03
2026-03-25 16:45:21,BINANCE:ETHUSDT,2180.43,0.019
2026-03-25 16:45:21,BINANCE:ETHUSDT,2180.43,0.0023
2026-03-25 16:45:21,BINANCE:ETHUSDT,2180.43,0.0025
2026-03-25 16:45:21,BINANCE:ETHUSDT,2180.43,0.0024
2026-03-25 16:45:21,BINANCE:ETHUSDT,2180.43,0.0023
2026-03-25 16:45:21,BINANCE:ETHUSDT,2180.42,0.0047
2026-03-25 16:45:21,BINANCE:ETHUSDT,2180.42,0.0028
2026-03-25 16:45:21,BINANCE:ETHUSDT,2180.42,0.0594
2026-03-25 16:45:21,BINANCE:ETHUSDT,2180.42,0.0023
2026-03-25 16:45:21,BINANCE:ETHUSDT,2180.42,0.0024
2026-03-25 16:45:21,BINANCE:ETHUSDT,2180.42,0.0023
2026-03-25 16:45:21,BINANCE:ETHUSDT,2180.42,0.0023
2026-03-25 16:45:21,BINANCE:ETHUSDT,2180.42,0.0023
2026-03-25 16:45:21,BINANCE:ETHUSDT,2180.42,0.0023
2026-03-25 16:45:21,BINANCE:ETHUSDT,2180.41,0.0894
2026-03-25 16:45:21,BINANCE:BNBUSDT,649.35,0.009
2026-03-25 16:45:21,BINANCE:BNBUSDT,649.35,0.009
2026-03-25 16:45:21,BINANCE:BNBUSDT,649.35,0.009
2026-03-25 16:45:21,BINANCE:BNBUSDT,649.35,0.008
2026-03-25 16:45:21,BINANCE:BTCUSDT,71236,0.0004
2026-03-25 16:45:21,BINANCE:BTCUSDT,71236,0.0004
2026-03-25 16:45:21,BINANCE:BTCUSDT,71236,0.0004
2026-03-25 16:45:21,BINANCE:BTCUSDT,71236,8e-05
2026-03-25 16:45:21,BINANCE:BTCUSDT,71236,8e-05
2026-03-25 16:45:21,BINANCE:BTCUSDT,71236,8e-05
2026-03-25 16:45:21,BINANCE:BTCUSDT,71236,8e-05
2026-03-25 16:45:21,BINANCE:BTCUSDT,71236,8e-05
2026-03-25 16:45:21,BINANCE:BTCUSDT,71236,8e-05
2026-03-25 16:45:21,BINANCE:BTCUSDT,71236,8e-05
2026-03-25 16:45:21,BINANCE:BTCUSDT,71236,8e-05
2026-03-25 16:45:21,BINANCE:BTCUSDT,71236,8e-05
2026-03-25 16:45:21,BINANCE:BTCUSDT,71236,8e-05
2026-03-25 16:45:21,BINANCE:BTCUSDT,71236,8e-05
2026-03-25 16:45:21,BINANCE:BTCUSDT,71236,8e-05
2026-03-25 16:45:21,BINANCE:BTCUSDT,71236,8e-05
2026-03-25 16:45:21,BINANCE:BTCUSDT,71235.78,8e-05
2026-03-25 16:45:21,BINANCE:BTCUSDT,71235.4,8e-05
2026-03-25 16:45:21,BINANCE:BTCUSDT,71235.21,0.003
2026-03-25 16:45:21,BINANCE:BTCUSDT,71235.19,0.00015
2026-03-25 16:45:21,BINANCE:BTCUSDT,71234.42,8e-05
2026-03-25 16:45:21,BINANCE:BTCUSDT,71234.19,0.00049
2026-03-25 16:45:21,BINANCE:BTCUSDT,71234.19,0.00267
2026-03-25 16:45:21,BINANCE:BNBUSDT,649.35,0.009
2026-03-25 16:45:21,BINANCE:BNBUSDT,649.35,0.008
2026-03-25 16:45:21,BINANCE:BNBUSDT,649.35,0.009
2026-03-25 16:45:21,BINANCE:BNBUSDT,649.35,0.009
2026-03-25 16:45:21,BINANCE:BNBUSDT,649.35,0.009
2026-03-25 16:45:21,BINANCE:BNBUSDT,649.35,0.008
2026-03-25 16:45:21,BINANCE:BTCUSDT,71234.19,8e-05
2026-03-25 16:45:21,BINANCE:BTCUSDT,71234.19,8e-05
2026-03-25 16:45:21,BINANCE:BTCUSDT,71234.19,8e-05
2026-03-25 16:45:21,BINANCE:BTCUSDT,71234.19,8e-05
2026-03-25 16:45:21,BINANCE:BTCUSDT,71234.19,8e-05
2026-03-25 16:45:21,BINANCE:BTCUSDT,71234.19,8e-05
2026-03-25 16:45:21,BINANCE:BTCUSDT,71234.19,8e-05
2026-03-25 16:45:21,BINANCE:BTCUSDT,71234.19,8e-05
2026-03-25 16:45:21,BINANCE:BTCUSDT,71234.19,8e-05
2026-03-25 16:45:21,BINANCE:BTCUSDT,71234.19,0.00015
2026-03-25 16:45:21,BINANCE:BTCUSDT,71234.19,8e-05
2026-03-25 16:45:21,BINANCE:BTCUSDT,71234.19,0.0046
2026-03-25 16:45:21,BINANCE:BTCUSDT,71234.19,0.02711
2026-03-25 16:45:21,BINANCE:BTCUSDT,71234.19,8e-05
2026-03-25 16:45:21,BINANCE:BTCUSDT,71234.19,8e-05
2026-03-25 16:45:21,BINANCE:BTCUSDT,71234.19,8e-05
2026-03-25 16:45:21,BINANCE:BTCUSDT,71234.02,0.00183
2026-03-25 16:45:21,BINANCE:BTCUSDT,71234.02,0.00117
2026-03-25 16:45:21,BINANCE:BTCUSDT,71234,0.0004
2026-03-25 16:45:21,BINANCE:BTCUSDT,71234,0.0004
2026-03-25 16:45:21,BINANCE:BTCUSDT,71234,0.0004
2026-03-25 16:45:21,BINANCE:BTCUSDT,71233.57,8e-05
2026-03-25 16:45:21,BINANCE:BTCUSDT,71233.21,8e-05
2026-03-25 16:45:21,BINANCE:BTCUSDT,71233.2,0.00373
2026-03-25 16:45:21,BINANCE:BTCUSDT,71233.15,8e-05
2026-03-25 16:45:21,BINANCE:BTCUSDT,71233.14,8e-05
2026-03-25 16:45:21,BINANCE:BTCUSDT,71233.14,8e-05
2026-03-25 16:45:21,BINANCE:BTCUSDT,71233.11,0.00012
2026-03-25 16:45:21,BINANCE:BTCUSDT,71232.77,0.00011
2026-03-25 16:45:21,BINANCE:BNBUSDT,649.35,0.009
2026-03-25 16:45:21,BINANCE:BNBUSDT,649.35,0.009
2026-03-25 16:45:21,BINANCE:BNBUSDT,649.35,0.009
2026-03-25 16:45:21,BINANCE:BNBUSDT,649.35,0.009
2026-03-25 16:45:21,BINANCE:BNBUSDT,649.35,0.008
2026-03-25 16:45:21,BINANCE:BTCUSDT,71233.05,0.003
2026-03-25 16:45:21,BINANCE:BTCUSDT,71233.15,0.00058
2026-03-25 16:45:21,BINANCE:BTCUSDT,71233.15,0.00058
2026-03-25 16:45:21,BINANCE:BTCUSDT,71232.24,8e-05
2026-03-25 16:45:21,BINANCE:BTCUSDT,71232.24,8e-05
2026-03-25 16:45:21,BINANCE:BTCUSDT,71232.24,8e-05
2026-03-25 16:45:21,BINANCE:BTCUSDT,71232.24,8e-05
2026-03-25 16:45:21,BINANCE:BTCUSDT,71232.24,8e-05
2026-03-25 16:45:21,BINANCE:BTCUSDT,71232.24,8e-05
2026-03-25 16:45:21,BINANCE:BTCUSDT,71232.24,0.00341
2026-03-25 16:45:21,BINANCE:BNBUSDT,649.35,0.001
2026-03-25 16:45:21,BINANCE:BNBUSDT,649.35,0.009
2026-03-25 16:45:21,BINANCE:BNBUSDT,649.35,0.008
2026-03-25 16:45:21,BINANCE:BNBUSDT,649.35,0.008
2026-03-25 16:45:21,BINANCE:BNBUSDT,649.35,0.009
2026-03-25 16:45:21,BINANCE:BNBUSDT,649.35,0.008
2026-03-25 16:45:21,BINANCE:BNBUSDT,649.35,0.008
2026-03-25 16:45:21,BINANCE:BNBUSDT,649.35,0.008
2026-03-25 16:45:21,BINANCE:BNBUSDT,649.35,0.008
2026-03-25 16:45:21,BINANCE:BNBUSDT,649.34,0.009
2026-03-25 16:45:21,BINANCE:BNBUSDT,649.34,0.009
2026-03-25 16:45:21,BINANCE:BNBUSDT,649.34,0.009
2026-03-25 16:45:21,BINANCE:BNBUSDT,649.33,0.009
2026-03-25 16:45:21,BINANCE:BNBUSDT,649.32,0.008
2026-03-25 16:45:21,BINANCE:BNBUSDT,649.32,0.002
2026-03-25 16:45:21,BINANCE:BTCUSDT,71232.24,0.01722
2026-03-25 16:45:21,BINANCE:BTCUSDT,71232.24,0.01724
2026-03-25 16:45:21,BINANCE:BNBUSDT,649.32,0.007
2026-03-25 16:45:21,BINANCE:BNBUSDT,649.32,0.008
2026-03-25 16:45:21,BINANCE:BNBUSDT,649.32,0.009
2026-03-25 16:45:21,BINANCE:BNBUSDT,649.31,0.009
2026-03-25 16:45:21,BINANCE:BNBUSDT,649.31,0.008
2026-03-25 16:45:21,BINANCE:BTCUSDT,71232.24,0.00611
2026-03-25 16:45:21,BINANCE:BNBUSDT,649.31,0.008
2026-03-25 16:45:21,BINANCE:BNBUSDT,649.31,0.009
2026-03-25 16:45:21,BINANCE:BNBUSDT,649.31,0.009
2026-03-25 16:45:21,BINANCE:BNBUSDT,649.31,0.009
2026-03-25 16:45:21,BINANCE:BNBUSDT,649.31,0.009
2026-03-25 16:45:21,BINANCE:BNBUSDT,649.31,0.009
2026-03-25 16:45:21,BINANCE:BNBUSDT,649.31,0.009
2026-03-25 16:45:21,BINANCE:BNBUSDT,649.31,0.008
2026-03-25 16:45:21,BINANCE:BNBUSDT,649.31,0.009
2026-03-25 16:45:21,BINANCE:BNBUSDT,649.31,0.009
2026-03-25 16:45:21,BINANCE:BNBUSDT,649.31,0.009
2026-03-25 16:45:21,BINANCE:BNBUSDT,649.31,0.009
2026-03-25 16:45:21,BINANCE:BNBUSDT,649.31,0.009
2026-03-25 16:45:21,BINANCE:BNBUSDT,649.31,0.009
2026-03-25 16:45:21,BINANCE:BTCUSDT,71232.24,0.06871
2026-03-25 16:45:21,BINANCE:BTCUSDT,71232.24,0.03375
2026-03-25 16:45:21,BINANCE:BTCUSDT,71232.24,0.01007
2026-03-25 16:45:21,BINANCE:BTCUSDT,71232.24,0.10282
2026-03-25 16:45:21,BINANCE:BTCUSDT,71232.24,0.01091
2026-03-25 16:45:21,BINANCE:BTCUSDT,71232.24,8e-05
2026-03-25 16:45:21,BINANCE:BTCUSDT,71232.24,8e-05
2026-03-25 16:45:21,BINANCE:BTCUSDT,71232.24,8e-05
2026-03-25 16:45:21,BINANCE:BTCUSDT,71232.24,0.05192
2026-03-25 16:45:21,BINANCE:BTCUSDT,71232.24,0.003
2026-03-25 16:45:21,BINANCE:BTCUSDT,71232.25,0.01146
2026-03-25 16:45:22,BINANCE:BNBUSDT,649.32,0.026
2026-03-25 16:45:22,BINANCE:BNBUSDT,649.31,0.008
2026-03-25 16:45:22,BINANCE:BNBUSDT,649.31,0.009
2026-03-25 16:45:22,BINANCE:BNBUSDT,649.31,0.009
2026-03-25 16:45:22,BINANCE:BNBUSDT,649.31,0.009
2026-03-25 16:45:22,BINANCE:BNBUSDT,649.31,0.009
2026-03-25 16:45:22,BINANCE:BNBUSDT,649.31,0.009
2026-03-25 16:45:22,BINANCE:BNBUSDT,649.31,0.009
2026-03-25 16:45:22,BINANCE:BNBUSDT,649.31,0.009
2026-03-25 16:45:22,BINANCE:BNBUSDT,649.31,0.009
2026-03-25 16:45:22,BINANCE:BNBUSDT,649.3,0.318
2026-03-25 16:45:22,BINANCE:BNBUSDT,649.3,1.358
2026-03-25 16:45:22,BINANCE:ETHUSDT,2180.41,0.0253
2026-03-25 16:45:22,BINANCE:ETHUSDT,2180.41,0.0218
2026-03-25 16:45:22,BINANCE:ETHUSDT,2180.41,0.0023
2026-03-25 16:45:22,BINANCE:ETHUSDT,2180.41,0.0024
2026-03-25 16:45:22,BINANCE:ETHUSDT,2180.41,0.0025
2026-03-25 16:45:22,BINANCE:ETHUSDT,2180.41,0.0024
2026-03-25 16:45:22,BINANCE:ETHUSDT,2180.41,0.0047
2026-03-25 16:45:22,BINANCE:ETHUSDT,2180.41,0.0023
2026-03-25 16:45:22,BINANCE:ETHUSDT,2180.41,0.0024
2026-03-25 16:45:22,BINANCE:ETHUSDT,2180.41,0.0024
2026-03-25 16:45:22,BINANCE:ETHUSDT,2180.41,0.0024
2026-03-25 16:45:22,BINANCE:ETHUSDT,2180.41,0.0116
2026-03-25 16:45:22,BINANCE:ETHUSDT,2180.41,0.0023
2026-03-25 16:45:22,BINANCE:ETHUSDT,2180.41,0.0023
2026-03-25 16:45:22,BINANCE:ETHUSDT,2180.4,0.003
2026-03-25 16:45:22,BINANCE:ETHUSDT,2180.4,0.0023
2026-03-25 16:45:22,BINANCE:ETHUSDT,2180.4,0.0024
2026-03-25 16:45:22,BINANCE:ETHUSDT,2180.4,0.0024
2026-03-25 16:45:22,BINANCE:ETHUSDT,2180.4,0.0024
2026-03-25 16:45:22,BINANCE:ETHUSDT,2180.4,0.0025
2026-03-25 16:45:22,BINANCE:ETHUSDT,2180.39,0.0024
2026-03-25 16:45:22,BINANCE:ETHUSDT,2180.39,0.0025
2026-03-25 16:45:22,BINANCE:ETHUSDT,2180.38,0.0024
2026-03-25 16:45:22,BINANCE:ETHUSDT,2180.38,0.0419
2026-03-25 16:45:22,BINANCE:ETHUSDT,2180.38,0.0023
2026-03-25 16:45:22,BINANCE:ETHUSDT,2180.38,0.0025
2026-03-25 16:45:22,BINANCE:ETHUSDT,2180.38,0.0023
2026-03-25 16:45:22,BINANCE:ETHUSDT,2180.38,0.0023
2026-03-25 16:45:22,BINANCE:ETHUSDT,2180.38,0.0023
2026-03-25 16:45:22,BINANCE:ETHUSDT,2180.38,0.0023
2026-03-25 16:45:22,BINANCE:ETHUSDT,2180.36,0.0023
2026-03-25 16:45:22,BINANCE:ETHUSDT,2180.36,0.0025
2026-03-25 16:45:22,BINANCE:ETHUSDT,2180.36,0.0144
2026-03-25 16:45:22,BINANCE:ETHUSDT,2180.36,0.0023
2026-03-25 16:45:22,BINANCE:ETHUSDT,2180.34,0.0047
2026-03-25 16:45:22,BINANCE:ETHUSDT,2180.34,0.0417
2026-03-25 16:45:22,BINANCE:ETHUSDT,2180.34,0.0023
2026-03-25 16:45:22,BINANCE:ETHUSDT,2180.34,0.0024
2026-03-25 16:45:22,BINANCE:ETHUSDT,2180.34,0.0025
2026-03-25 16:45:22,BINANCE:ETHUSDT,2180.34,0.0023
2026-03-25 16:45:22,BINANCE:ETHUSDT,2180.33,0.0023
2026-03-25 16:45:22,BINANCE:ETHUSDT,2180.33,0.0024
2026-03-25 16:45:22,BINANCE:ETHUSDT,2180.33,0.0025
2026-03-25 16:45:22,BINANCE:ETHUSDT,2180.33,0.0023
2026-03-25 16:45:22,BINANCE:ETHUSDT,2180.33,0.0023
2026-03-25 16:45:22,BINANCE:ETHUSDT,2180.33,0.0023
2026-03-25 16:45:22,BINANCE:ETHUSDT,2180.33,0.0023
2026-03-25 16:45:22,BINANCE:ETHUSDT,2180.32,0.0023
2026-03-25 16:45:22,BINANCE:ETHUSDT,2180.32,0.0024
2026-03-25 16:45:22,BINANCE:ETHUSDT,2180.32,0.0025
2026-03-25 16:45:22,BINANCE:ETHUSDT,2180.32,0.0023
2026-03-25 16:45:22,BINANCE:ETHUSDT,2180.32,0.0023
2026-03-25 16:45:22,BINANCE:ETHUSDT,2180.32,0.0023
2026-03-25 16:45:22,BINANCE:ETHUSDT,2180.32,0.0023
2026-03-25 16:45:22,BINANCE:ETHUSDT,2180.31,0.0028
2026-03-25 16:45:22,BINANCE:ETHUSDT,2180.31,0.0023
2026-03-25 16:45:22,BINANCE:ETHUSDT,2180.31,0.0025
2026-03-25 16:45:22,BINANCE:BNBUSDT,649.31,0.019
2026-03-25 16:45:22,BINANCE:ETHUSDT,2180.31,0.0025
2026-03-25 16:45:22,BINANCE:BNBUSDT,649.3,0.017
2026-03-25 16:45:22,BINANCE:ETHUSDT,2180.31,0.0024
2026-03-25 16:45:22,BINANCE:ETHUSDT,2180.31,0.0023
2026-03-25 16:45:22,BINANCE:ETHUSDT,2180.31,0.0023
2026-03-25 16:45:22,BINANCE:ETHUSDT,2180.31,0.0023
2026-03-25 16:45:22,BINANCE:ETHUSDT,2180.31,0.0023
2026-03-25 16:45:22,BINANCE:BNBUSDT,649.3,0.018
2026-03-25 16:45:22,BINANCE:ETHUSDT,2180.3,0.003
2026-03-25 16:45:22,BINANCE:ETHUSDT,2180.3,0.0023
2026-03-25 16:45:22,BINANCE:ETHUSDT,2180.3,0.1179
2026-03-25 16:45:22,BINANCE:ETHUSDT,2180.3,0.0786
2026-03-25 16:45:22,BINANCE:ETHUSDT,2180.3,0.0023
2026-03-25 16:45:22,BINANCE:ETHUSDT,2180.3,0.0025
2026-03-25 16:45:22,BINANCE:ETHUSDT,2180.3,0.026
2026-03-25 16:45:22,BINANCE:ETHUSDT,2180.3,0.0023
2026-03-25 16:45:22,BINANCE:ETHUSDT,2180.3,0.0023
2026-03-25 16:45:22,BINANCE:ETHUSDT,2180.3,0.0023
2026-03-25 16:45:22,BINANCE:ETHUSDT,2180.3,0.0023
2026-03-25 16:45:22,BINANCE:ETHUSDT,2180.28,0.003
2026-03-25 16:45:22,BINANCE:ETHUSDT,2180.28,0.0024
2026-03-25 16:45:22,BINANCE:ETHUSDT,2180.27,0.0023
2026-03-25 16:45:22,BINANCE:ETHUSDT,2180.27,0.0026
2026-03-25 16:45:22,BINANCE:ETHUSDT,2180.27,0.0023
2026-03-25 16:45:22,BINANCE:ETHUSDT,2180.26,0.023
2026-03-25 16:45:22,BINANCE:ETHUSDT,2180.26,0.0023
2026-03-25 16:45:22,BINANCE:ETHUSDT,2180.26,0.0023
2026-03-25 16:45:22,BINANCE:ETHUSDT,2180.25,0.0023
2026-03-25 16:45:22,BINANCE:ETHUSDT,2180.25,0.0024
2026-03-25 16:45:22,BINANCE:ETHUSDT,2180.25,0.0025
2026-03-25 16:45:22,BINANCE:ETHUSDT,2180.25,0.0023
2026-03-25 16:45:22,BINANCE:ETHUSDT,2180.24,0.0026
2026-03-25 16:45:22,BINANCE:BNBUSDT,649.3,0.026
2026-03-25 16:45:22,BINANCE:BNBUSDT,649.3,0.074
2026-03-25 16:45:22,BINANCE:BNBUSDT,649.3,0.029
2026-03-25 16:45:22,BINANCE:BNBUSDT,649.3,1.16
2026-03-25 16:45:22,BINANCE:BNBUSDT,649.3,0.009
2026-03-25 16:45:22,BINANCE:BNBUSDT,649.3,0.009
2026-03-25 16:45:22,BINANCE:BNBUSDT,649.3,0.009
2026-03-25 16:45:22,BINANCE:BNBUSDT,649.3,0.008
2026-03-25 16:45:22,BINANCE:BNBUSDT,649.3,0.009
2026-03-25 16:45:22,BINANCE:BNBUSDT,649.3,0.009
2026-03-25 16:45:22,BINANCE:BNBUSDT,649.3,0.009
2026-03-25 16:45:22,BINANCE:BNBUSDT,649.3,0.009
2026-03-25 16:45:22,BINANCE:BNBUSDT,649.3,0.037
2026-03-25 16:45:22,BINANCE:BNBUSDT,649.3,0.008
2026-03-25 16:45:22,BINANCE:BNBUSDT,649.3,0.009
2026-03-25 16:45:22,BINANCE:BNBUSDT,649.3,0.009
2026-03-25 16:45:22,BINANCE:BNBUSDT,649.3,0.009
2026-03-25 16:45:22,BINANCE:BNBUSDT,649.3,0.009
2026-03-25 16:45:22,BINANCE:BNBUSDT,649.3,0.006
2026-03-25 16:45:22,BINANCE:BNBUSDT,649.3,0.003
2026-03-25 16:45:22,BINANCE:BNBUSDT,649.3,0.009
2026-03-25 16:45:22,BINANCE:BNBUSDT,649.3,2.01
2026-03-25 16:45:22,BINANCE:BNBUSDT,649.3,0.01
2026-03-25 16:45:22,BINANCE:BNBUSDT,649.3,0.008
2026-03-25 16:45:22,BINANCE:BNBUSDT,649.3,0.009
2026-03-25 16:45:22,BINANCE:BNBUSDT,649.3,0.009
2026-03-25 16:45:22,BINANCE:BNBUSDT,649.3,0.009
2026-03-25 16:45:22,BINANCE:BNBUSDT,649.3,0.009
2026-03-25 16:45:22,BINANCE:BNBUSDT,649.3,0.005
2026-03-25 16:45:22,BINANCE:BNBUSDT,649.3,0.003
2026-03-25 16:45:22,BINANCE:BNBUSDT,649.3,0.009
2026-03-25 16:45:22,BINANCE:BNBUSDT,649.3,0.009
2026-03-25 16:45:22,BINANCE:BNBUSDT,649.3,0.009
2026-03-25 16:45:22,BINANCE:BNBUSDT,649.3,0.001
2026-03-25 16:45:22,BINANCE:BNBUSDT,649.3,0.008
2026-03-25 16:45:22,BINANCE:BNBUSDT,649.3,0.008
2026-03-25 16:45:22,BINANCE:BNBUSDT,649.3,0.005
2026-03-25 16:45:22,BINANCE:BTCUSDT,71232.24,0.00058
2026-03-25 16:45:22,BINANCE:BNBUSDT,649.31,5.671
2026-03-25 16:45:22,BINANCE:BNBUSDT,649.31,1.062
2026-03-25 16:45:22,BINANCE:BNBUSDT,649.31,2.267
2026-03-25 16:45:23,BINANCE:BTCUSDT,71232.25,0.02777
2026-03-25 16:45:23,BINANCE:BNBUSDT,649.31,0.015
2026-03-25 16:45:24,BINANCE:BTCUSDT,71232.25,8e-05
2026-03-25 16:45:24,BINANCE:BNBUSDT,649.31,0.016
2026-03-25 16:45:24,BINANCE:ETHUSDT,2180.25,0.5
2026-03-25 16:45:24,BINANCE:ETHUSDT,2180.24,0.0568
2026-03-25 16:45:24,BINANCE:ETHUSDT,2180.24,0.0023
2026-03-25 16:45:24,BINANCE:ETHUSDT,2180.24,2.2342
2026-03-25 16:45:24,BINANCE:ETHUSDT,2180.24,0.0025
2026-03-25 16:45:24,BINANCE:ETHUSDT,2180.24,1.8996
2026-03-25 16:45:24,BINANCE:ETHUSDT,2180.24,0.0047
2026-03-25 16:45:24,BINANCE:ETHUSDT,2180.24,0.0047
2026-03-25 16:45:24,BINANCE:ETHUSDT,2180.24,0.0023
2026-03-25 16:45:24,BINANCE:ETHUSDT,2180.24,1.333
2026-03-25 16:45:24,BINANCE:ETHUSDT,2180.24,0.7812
2026-03-25 16:45:24,BINANCE:BNBUSDT,649.31,0.103
2026-03-25 16:45:24,BINANCE:BNBUSDT,649.3,0.004
2026-03-25 16:45:24,BINANCE:BNBUSDT,649.3,0.009
2026-03-25 16:45:24,BINANCE:BNBUSDT,649.3,0.009
2026-03-25 16:45:24,BINANCE:BNBUSDT,649.3,0.009
2026-03-25 16:45:24,BINANCE:BNBUSDT,649.3,0.009
2026-03-25 16:45:24,BINANCE:BNBUSDT,649.3,0.008
2026-03-25 16:45:24,BINANCE:BNBUSDT,649.3,0.009
2026-03-25 16:45:24,BINANCE:BNBUSDT,649.3,0.943
2026-03-25 16:45:24,BINANCE:BTCUSDT,71232.24,0.003
2026-03-25 16:45:24,BINANCE:BNBUSDT,649.3,0.014
2026-03-25 16:45:24,BINANCE:ETHUSDT,2180.25,0.0229
2026-03-25 16:45:25,BINANCE:BTCUSDT,71232.25,0.00013
2026-03-25 16:45:26,BINANCE:BTCUSDT,71232.24,0.003
2026-03-25 16:45:26,BINANCE:ETHUSDT,2180.25,0.5
2026-03-25 16:45:26,BINANCE:BTCUSDT,71232.24,0.00677
2026-03-25 16:45:26,BINANCE:ETHUSDT,2180.25,0.8923
2026-03-25 16:45:26,BINANCE:ETHUSDT,2180.25,0.6001
2026-03-25 16:45:26,BINANCE:ETHUSDT,2180.25,0.0047
2026-03-25 16:45:26,BINANCE:ETHUSDT,2180.25,0.0151
2026-03-25 16:45:26,BINANCE:ETHUSDT,2180.25,0.0047
2026-03-25 16:45:26,BINANCE:ETHUSDT,2180.25,0.0023
2026-03-25 16:45:26,BINANCE:ETHUSDT,2180.25,0.0249
2026-03-25 16:45:26,BINANCE:ETHUSDT,2180.25,0.0047
2026-03-25 16:45:26,BINANCE:ETHUSDT,2180.25,0.0023
2026-03-25 16:45:26,BINANCE:ETHUSDT,2180.25,0.0023
2026-03-25 16:45:26,BINANCE:ETHUSDT,2180.25,0.0023
2026-03-25 16:45:26,BINANCE:ETHUSDT,2180.25,0.0024
2026-03-25 16:45:26,BINANCE:ETHUSDT,2180.25,0.0572
2026-03-25 16:45:26,BINANCE:ETHUSDT,2180.25,0.0024
2026-03-25 16:45:26,BINANCE:ETHUSDT,2180.25,0.0065
2026-03-25 16:45:26,BINANCE:ETHUSDT,2180.25,0.2048
2026-03-25 16:45:26,BINANCE:ETHUSDT,2180.25,0.0024
2026-03-25 16:45:26,BINANCE:ETHUSDT,2180.25,0.0024
2026-03-25 16:45:26,BINANCE:ETHUSDT,2180.25,0.0127
2026-03-25 16:45:26,BINANCE:ETHUSDT,2180.25,0.0023
2026-03-25 16:45:26,BINANCE:ETHUSDT,2180.25,0.0023
2026-03-25 16:45:26,BINANCE:ETHUSDT,2180.25,0.0023
2026-03-25 16:45:26,BINANCE:ETHUSDT,2180.25,0.0023
2026-03-25 16:45:26,BINANCE:ETHUSDT,2180.25,0.0024
2026-03-25 16:45:26,BINANCE:ETHUSDT,2180.25,0.0047
2026-03-25 16:45:26,BINANCE:ETHUSDT,2180.25,0.0024
2026-03-25 16:45:26,BINANCE:ETHUSDT,2180.25,0.0023
2026-03-25 16:45:26,BINANCE:ETHUSDT,2180.25,0.0023
2026-03-25 16:45:26,BINANCE:ETHUSDT,2180.25,0.0023
2026-03-25 16:45:26,BINANCE:ETHUSDT,2180.25,0.0023
2026-03-25 16:45:26,BINANCE:ETHUSDT,2180.25,0.0023
2026-03-25 16:45:26,BINANCE:ETHUSDT,2180.25,0.0023
2026-03-25 16:45:26,BINANCE:ETHUSDT,2180.25,0.0023
2026-03-25 16:45:26,BINANCE:ETHUSDT,2180.25,0.0023
2026-03-25 16:45:26,BINANCE:ETHUSDT,2180.25,0.0023
2026-03-25 16:45:26,BINANCE:ETHUSDT,2180.25,0.0023
2026-03-25 16:45:26,BINANCE:ETHUSDT,2180.25,0.0023
2026-03-25 16:45:26,BINANCE:ETHUSDT,2180.25,0.0023
2026-03-25 16:45:26,BINANCE:ETHUSDT,2180.26,0.0024
2026-03-25 16:45:26,BINANCE:ETHUSDT,2180.26,0.0024
2026-03-25 16:45:26,BINANCE:ETHUSDT,2180.26,0.0024
2026-03-25 16:45:26,BINANCE:ETHUSDT,2180.26,0.0124
2026-03-25 16:45:26,BINANCE:ETHUSDT,2180.3,0.0023
2026-03-25 16:45:26,BINANCE:ETHUSDT,2180.32,0.0024
2026-03-25 16:45:26,BINANCE:ETHUSDT,2180.33,0.0024
2026-03-25 16:45:26,BINANCE:ETHUSDT,2180.33,0.0158
2026-03-25 16:45:26,BINANCE:ETHUSDT,2180.33,0.0025
2026-03-25 16:45:26,BINANCE:ETHUSDT,2180.33,0.0025
2026-03-25 16:45:26,BINANCE:ETHUSDT,2180.34,0.0023
2026-03-25 16:45:26,BINANCE:ETHUSDT,2180.34,0.0024
2026-03-25 16:45:26,BINANCE:ETHUSDT,2180.34,0.0023
2026-03-25 16:45:26,BINANCE:ETHUSDT,2180.34,0.0023
2026-03-25 16:45:26,BINANCE:ETHUSDT,2180.34,0.0023
2026-03-25 16:45:26,BINANCE:ETHUSDT,2180.34,0.0023
2026-03-25 16:45:26,BINANCE:ETHUSDT,2180.34,0.0023
2026-03-25 16:45:26,BINANCE:ETHUSDT,2180.34,0.0023
2026-03-25 16:45:26,BINANCE:ETHUSDT,2180.34,0.0023
2026-03-25 16:45:26,BINANCE:ETHUSDT,2180.34,0.0023
2026-03-25 16:45:26,BINANCE:ETHUSDT,2180.34,0.0023
2026-03-25 16:45:26,BINANCE:ETHUSDT,2180.39,0.0023
2026-03-25 16:45:26,BINANCE:ETHUSDT,2180.39,0.0024
2026-03-25 16:45:26,BINANCE:ETHUSDT,2180.39,0.0023
2026-03-25 16:45:26,BINANCE:ETHUSDT,2180.4,0.0023
2026-03-25 16:45:26,BINANCE:ETHUSDT,2180.4,0.0024
2026-03-25 16:45:26,BINANCE:ETHUSDT,2180.4,0.0025
2026-03-25 16:45:26,BINANCE:ETHUSDT,2180.4,0.0025
2026-03-25 16:45:26,BINANCE:ETHUSDT,2180.4,0.0025
2026-03-25 16:45:27,BINANCE:BTCUSDT,71232.25,0.00012
2026-03-25 16:45:27,BINANCE:BNBUSDT,649.3,2.997
2026-03-25 16:45:28,BINANCE:BNBUSDT,649.31,0.008
2026-03-25 16:45:28,BINANCE:BNBUSDT,649.31,0.008
2026-03-25 16:45:28,BINANCE:BTCUSDT,71232.25,0.00068
2026-03-25 16:45:28,BINANCE:BTCUSDT,71232.25,0.01249
2026-03-25 16:45:28,BINANCE:BNBUSDT,649.31,0.001
2026-03-25 16:45:28,BINANCE:BNBUSDT,649.31,0.009
2026-03-25 16:45:28,BINANCE:BNBUSDT,649.31,0.009
2026-03-25 16:45:28,BINANCE:BNBUSDT,649.31,0.021
2026-03-25 16:45:29,BINANCE:BTCUSDT,71232.25,0.07132
2026-03-25 16:45:29,BINANCE:BTCUSDT,71232.24,0.003
2026-03-25 16:45:29,BINANCE:BTCUSDT,71232.25,0.008
2026-03-25 16:45:30,BINANCE:BNBUSDT,649.3,0.331
2026-03-25 16:45:30,BINANCE:BNBUSDT,649.3,0.669
2026-03-25 16:45:30,BINANCE:BTCUSDT,71232.25,8e-05
2026-03-25 16:45:30,BINANCE:BTCUSDT,71232.24,0.00044
2026-03-25 16:45:30,BINANCE:BTCUSDT,71232.25,0.00244
2026-03-25 16:45:30,BINANCE:BNBUSDT,649.31,3
2026-03-25 16:45:30,BINANCE:BTCUSDT,71232.25,0.00019
2026-03-25 16:45:30,BINANCE:BNBUSDT,649.31,1.264
2026-03-25 16:45:30,BINANCE:BNBUSDT,649.31,0.303
2026-03-25 16:45:31,BINANCE:ETHUSDT,2180.4,0.0047
2026-03-25 16:45:31,BINANCE:ETHUSDT,2180.4,0.0023
2026-03-25 16:45:31,BINANCE:ETHUSDT,2180.4,0.0025
2026-03-25 16:45:31,BINANCE:ETHUSDT,2180.4,0.0438
2026-03-25 16:45:31,BINANCE:ETHUSDT,2180.4,0.0047
2026-03-25 16:45:31,BINANCE:ETHUSDT,2180.4,0.0047
2026-03-25 16:45:31,BINANCE:ETHUSDT,2180.4,0.0025
2026-03-25 16:45:31,BINANCE:ETHUSDT,2180.4,0.0023
2026-03-25 16:45:31,BINANCE:ETHUSDT,2180.4,0.0023
2026-03-25 16:45:31,BINANCE:ETHUSDT,2180.4,0.0023
2026-03-25 16:45:31,BINANCE:ETHUSDT,2180.4,0.0023
2026-03-25 16:45:31,BINANCE:ETHUSDT,2180.4,0.0024
2026-03-25 16:45:31,BINANCE:ETHUSDT,2180.4,0.0025
2026-03-25 16:45:31,BINANCE:ETHUSDT,2180.4,0.0025
2026-03-25 16:45:31,BINANCE:ETHUSDT,2180.4,0.0023
2026-03-25 16:45:31,BINANCE:ETHUSDT,2180.4,0.0023
2026-03-25 16:45:31,BINANCE:ETHUSDT,2180.4,0.0024
2026-03-25 16:45:31,BINANCE:ETHUSDT,2180.4,0.0024
2026-03-25 16:45:31,BINANCE:ETHUSDT,2180.4,0.0024
2026-03-25 16:45:31,BINANCE:ETHUSDT,2180.4,0.0116
2026-03-25 16:45:31,BINANCE:ETHUSDT,2180.4,0.0024
2026-03-25 16:45:31,BINANCE:ETHUSDT,2180.4,0.0023
2026-03-25 16:45:31,BINANCE:ETHUSDT,2180.4,0.0023
2026-03-25 16:45:31,BINANCE:ETHUSDT,2180.4,0.0023
2026-03-25 16:45:31,BINANCE:ETHUSDT,2180.4,0.0023
2026-03-25 16:45:31,BINANCE:ETHUSDT,2180.4,0.0023
2026-03-25 16:45:31,BINANCE:ETHUSDT,2180.4,0.0023
2026-03-25 16:45:31,BINANCE:ETHUSDT,2180.4,0.0023
2026-03-25 16:45:31,BINANCE:ETHUSDT,2180.4,0.0023
2026-03-25 16:45:31,BINANCE:ETHUSDT,2180.4,0.0023
2026-03-25 16:45:31,BINANCE:ETHUSDT,2180.4,0.0023
2026-03-25 16:45:31,BINANCE:ETHUSDT,2180.4,0.0023
2026-03-25 16:45:31,BINANCE:ETHUSDT,2180.4,0.0023
2026-03-25 16:45:31,BINANCE:ETHUSDT,2180.4,0.0023
2026-03-25 16:45:31,BINANCE:ETHUSDT,2180.4,0.0023
2026-03-25 16:45:31,BINANCE:ETHUSDT,2180.4,0.0023
2026-03-25 16:45:31,BINANCE:ETHUSDT,2180.4,0.0023
2026-03-25 16:45:31,BINANCE:ETHUSDT,2180.4,0.0023
2026-03-25 16:45:31,BINANCE:ETHUSDT,2180.4,0.0023
2026-03-25 16:45:31,BINANCE:ETHUSDT,2180.4,0.0023
2026-03-25 16:45:31,BINANCE:ETHUSDT,2180.4,0.0023
2026-03-25 16:45:31,BINANCE:ETHUSDT,2180.4,0.0023
2026-03-25 16:45:31,BINANCE:ETHUSDT,2180.4,0.0023
2026-03-25 16:45:31,BINANCE:ETHUSDT,2180.4,0.0023
2026-03-25 16:45:31,BINANCE:ETHUSDT,2180.4,0.0023
2026-03-25 16:45:31,BINANCE:ETHUSDT,2180.4,0.0023
2026-03-25 16:45:31,BINANCE:ETHUSDT,2180.39,0.0025
2026-03-25 16:45:31,BINANCE:ETHUSDT,2180.39,0.0024
2026-03-25 16:45:31,BINANCE:ETHUSDT,2180.39,0.0024
2026-03-25 16:45:31,BINANCE:ETHUSDT,2180.39,0.0024
2026-03-25 16:45:31,BINANCE:ETHUSDT,2180.34,0.0025
2026-03-25 16:45:31,BINANCE:ETHUSDT,2180.33,0.0025
2026-03-25 16:45:31,BINANCE:ETHUSDT,2180.32,0.0025
2026-03-25 16:45:31,BINANCE:ETHUSDT,2180.32,0.0144
2026-03-25 16:45:31,BINANCE:ETHUSDT,2180.31,0.0025
2026-03-25 16:45:31,BINANCE:ETHUSDT,2180.3,0.0023
2026-03-25 16:45:31,BINANCE:ETHUSDT,2180.3,0.008
2026-03-25 16:45:31,BINANCE:ETHUSDT,2180.3,0.0025
2026-03-25 16:45:31,BINANCE:ETHUSDT,2180.3,0.0023
2026-03-25 16:45:31,BINANCE:ETHUSDT,2180.3,0.0023
2026-03-25 16:45:31,BINANCE:ETHUSDT,2180.29,0.0025
2026-03-25 16:45:31,BINANCE:ETHUSDT,2180.28,0.0025
2026-03-25 16:45:31,BINANCE:ETHUSDT,2180.28,0.0024
2026-03-25 16:45:31,BINANCE:ETHUSDT,2180.27,0.0025
2026-03-25 16:45:31,BINANCE:ETHUSDT,2180.27,0.0024
2026-03-25 16:45:31,BINANCE:ETHUSDT,2180.27,0.026
2026-03-25 16:45:31,BINANCE:ETHUSDT,2180.26,0.0024
2026-03-25 16:45:31,BINANCE:ETHUSDT,2180.25,0.0024
2026-03-25 16:45:31,BINANCE:ETHUSDT,2180.24,0.0047
2026-03-25 16:45:31,BINANCE:ETHUSDT,2180.24,0.0047
2026-03-25 16:45:31,BINANCE:ETHUSDT,2180.24,0.0023
2026-03-25 16:45:31,BINANCE:ETHUSDT,2180.24,0.0023
2026-03-25 16:45:31,BINANCE:ETHUSDT,2180.24,0.0023
2026-03-25 16:45:31,BINANCE:ETHUSDT,2180.24,0.0023
2026-03-25 16:45:31,BINANCE:ETHUSDT,2180.24,0.0023
2026-03-25 16:45:31,BINANCE:ETHUSDT,2180.24,0.0023
2026-03-25 16:45:31,BINANCE:ETHUSDT,2180.24,0.0023
2026-03-25 16:45:31,BINANCE:ETHUSDT,2180.24,0.0023
2026-03-25 16:45:31,BINANCE:ETHUSDT,2180.24,0.0023
2026-03-25 16:45:31,BINANCE:ETHUSDT,2180.23,0.0023
2026-03-25 16:45:31,BINANCE:ETHUSDT,2180.23,0.0024
2026-03-25 16:45:31,BINANCE:ETHUSDT,2180.23,0.0023
2026-03-25 16:45:31,BINANCE:ETHUSDT,2180.22,0.0194
2026-03-25 16:45:31,BINANCE:ETHUSDT,2180.21,0.0024
2026-03-25 16:45:31,BINANCE:ETHUSDT,2180.21,0.0023
2026-03-25 16:45:31,BINANCE:ETHUSDT,2180.21,0.0025
2026-03-25 16:45:31,BINANCE:ETHUSDT,2180.21,0.0023
2026-03-25 16:45:31,BINANCE:ETHUSDT,2180.21,0.0023
2026-03-25 16:45:31,BINANCE:ETHUSDT,2180.21,0.0023
2026-03-25 16:45:31,BINANCE:ETHUSDT,2180.21,0.0023
2026-03-25 16:45:31,BINANCE:BTCUSDT,71232.24,0.00316
2026-03-25 16:45:31,BINANCE:ETHUSDT,2180.21,0.0099
2026-03-25 16:45:31,BINANCE:BTCUSDT,71232.24,8e-05
2026-03-25 16:45:31,BINANCE:BTCUSDT,71232.24,0.00015
2026-03-25 16:45:31,BINANCE:BTCUSDT,71232.24,8e-05
2026-03-25 16:45:31,BINANCE:BTCUSDT,71232.24,0.00015
2026-03-25 16:45:31,BINANCE:BTCUSDT,71232.24,0.00015
2026-03-25 16:45:31,BINANCE:BTCUSDT,71232.24,8e-05
2026-03-25 16:45:31,BINANCE:BTCUSDT,71232.24,8e-05
2026-03-25 16:45:31,BINANCE:BTCUSDT,71232.24,8e-05
2026-03-25 16:45:31,BINANCE:BTCUSDT,71232.24,8e-05
2026-03-25 16:45:31,BINANCE:BTCUSDT,71232.24,8e-05
2026-03-25 16:45:31,BINANCE:BTCUSDT,71232.24,0.00199
2026-03-25 16:45:31,BINANCE:BNBUSDT,649.31,0.029
2026-03-25 16:45:32,BINANCE:BTCUSDT,71232.24,0.00012
2026-03-25 16:45:32,BINANCE:BNBUSDT,649.31,1.617
2026-03-25 16:45:32,BINANCE:BNBUSDT,649.31,0.009
2026-03-25 16:45:32,BINANCE:BNBUSDT,649.31,1.384
2026-03-25 16:45:32,BINANCE:ETHUSDT,2180.2,0.003
2026-03-25 16:45:32,BINANCE:ETHUSDT,2180.2,0.0023
2026-03-25 16:45:32,BINANCE:ETHUSDT,2180.2,0.0024
2026-03-25 16:45:32,BINANCE:ETHUSDT,2180.2,0.0025
2026-03-25 16:45:32,BINANCE:ETHUSDT,2180.2,0.0025
2026-03-25 16:45:32,BINANCE:ETHUSDT,2180.2,0.0024
2026-03-25 16:45:32,BINANCE:ETHUSDT,2180.2,0.6165
2026-03-25 16:45:32,BINANCE:BNBUSDT,649.3,0.789
2026-03-25 16:45:32,BINANCE:BNBUSDT,649.31,1.999
2026-03-25 16:45:32,BINANCE:BTCUSDT,71232.25,0.00052
2026-03-25 16:45:32,BINANCE:BTCUSDT,71232.25,0.00014
2026-03-25 16:45:33,BINANCE:BTCUSDT,71232.24,0.00029
2026-03-25 16:45:33,BINANCE:BNBUSDT,649.31,0.02
2026-03-25 16:45:33,BINANCE:BTCUSDT,71232.25,0.02765
2026-03-25 16:45:33,BINANCE:BNBUSDT,649.3,0.237
2026-03-25 16:45:33,BINANCE:BNBUSDT,649.31,0.459
2026-03-25 16:45:33,BINANCE:BNBUSDT,649.31,0.009
2026-03-25 16:45:33,BINANCE:BNBUSDT,649.31,1.961
2026-03-25 16:45:33,BINANCE:BNBUSDT,649.31,0.009
2026-03-25 16:45:33,BINANCE:BNBUSDT,649.31,0.011
2026-03-25 16:45:33,BINANCE:BNBUSDT,649.31,0.551
2026-03-25 16:45:34,BINANCE:BNBUSDT,649.31,0.017
2026-03-25 16:45:35,BINANCE:BNBUSDT,649.31,0.016
2026-03-25 16:45:35,BINANCE:BNBUSDT,649.3,0.073
2026-03-25 16:45:35,BINANCE:BTCUSDT,71232.25,0.00733
2026-03-25 16:45:35,BINANCE:BTCUSDT,71232.25,0.00036
2026-03-25 16:45:36,BINANCE:ETHUSDT,2180.2,0.0145
2026-03-25 16:45:36,BINANCE:BTCUSDT,71232.24,0.00248
2026-03-25 16:45:36,BINANCE:BNBUSDT,649.31,0.008
2026-03-25 16:45:36,BINANCE:BNBUSDT,649.31,0.008
2026-03-25 16:45:36,BINANCE:BNBUSDT,649.31,0.008
2026-03-25 16:45:36,BINANCE:BNBUSDT,649.31,0.008
2026-03-25 16:45:36,BINANCE:BNBUSDT,649.31,0.009
2026-03-25 16:45:36,BINANCE:BNBUSDT,649.31,0.009
2026-03-25 16:45:36,BINANCE:BNBUSDT,649.31,0.009
2026-03-25 16:45:36,BINANCE:BNBUSDT,649.31,0.008
2026-03-25 16:45:36,BINANCE:BNBUSDT,649.31,0.009
2026-03-25 16:45:36,BINANCE:BNBUSDT,649.31,0.009
2026-03-25 16:45:36,BINANCE:BNBUSDT,649.31,0.009
2026-03-25 16:45:36,BINANCE:BNBUSDT,649.31,0.008
2026-03-25 16:45:36,BINANCE:BNBUSDT,649.31,0.008
2026-03-25 16:45:36,BINANCE:BNBUSDT,649.31,0.008
2026-03-25 16:45:36,BINANCE:BNBUSDT,649.31,0.009
2026-03-25 16:45:36,BINANCE:BNBUSDT,649.31,0.308
2026-03-25 16:45:36,BINANCE:ETHUSDT,2180.21,0.0047
2026-03-25 16:45:36,BINANCE:ETHUSDT,2180.21,0.0023
2026-03-25 16:45:36,BINANCE:ETHUSDT,2180.21,0.0047
2026-03-25 16:45:36,BINANCE:ETHUSDT,2180.21,0.0023
2026-03-25 16:45:36,BINANCE:ETHUSDT,2180.21,0.0024
2026-03-25 16:45:36,BINANCE:ETHUSDT,2180.21,0.2129
2026-03-25 16:45:37,BINANCE:BTCUSDT,71232.24,0.00012
2026-03-25 16:45:37,BINANCE:BTCUSDT,71232.24,0.00531
2026-03-25 16:45:37,BINANCE:BTCUSDT,71232.24,0.00015
2026-03-25 16:45:38,BINANCE:BNBUSDT,649.32,0.009
2026-03-25 16:45:38,BINANCE:BNBUSDT,649.32,0.007
2026-03-25 16:45:38,BINANCE:BTCUSDT,71232.24,0.00449
2026-03-25 16:45:39,BINANCE:BNBUSDT,649.32,0.009
2026-03-25 16:45:39,BINANCE:BNBUSDT,649.32,0.226
2026-03-25 16:45:39,BINANCE:BTCUSDT,71232.24,0.01584
2026-03-25 16:45:39,BINANCE:BNBUSDT,649.31,0.111
2026-03-25 16:45:39,BINANCE:BTCUSDT,71232.24,7e-05
2026-03-25 16:45:40,BINANCE:BTCUSDT,71231.16,8e-05
2026-03-25 16:45:40,BINANCE:BTCUSDT,71231.16,8e-05
2026-03-25 16:45:40,BINANCE:BTCUSDT,71231.16,8e-05
2026-03-25 16:45:40,BINANCE:BTCUSDT,71231.16,8e-05
2026-03-25 16:45:40,BINANCE:BTCUSDT,71231.16,8e-05
2026-03-25 16:45:40,BINANCE:BTCUSDT,71231.15,8e-05
2026-03-25 16:45:40,BINANCE:BTCUSDT,71231.15,8e-05
2026-03-25 16:45:40,BINANCE:BTCUSDT,71231.04,0.00014
2026-03-25 16:45:40,BINANCE:BTCUSDT,71231.04,0.00014
2026-03-25 16:45:40,BINANCE:BTCUSDT,71231.04,0.00014
2026-03-25 16:45:40,BINANCE:BTCUSDT,71231.04,0.00014
2026-03-25 16:45:40,BINANCE:BNBUSDT,649.32,0.038
2026-03-25 16:45:40,BINANCE:BTCUSDT,71231.04,0.00153
2026-03-25 16:45:40,BINANCE:BNBUSDT,649.31,1.936
2026-03-25 16:45:40,BINANCE:BNBUSDT,649.31,0.039
2026-03-25 16:45:40,BINANCE:BTCUSDT,71232.24,0.00015
2026-03-25 16:45:40,BINANCE:BTCUSDT,71232.24,0.00015
2026-03-25 16:45:40,BINANCE:BTCUSDT,71232.24,0.00015
2026-03-25 16:45:40,BINANCE:BTCUSDT,71232.24,8e-05
2026-03-25 16:45:40,BINANCE:BTCUSDT,71232.24,8e-05
2026-03-25 16:45:40,BINANCE:BTCUSDT,71232.24,8e-05
2026-03-25 16:45:40,BINANCE:BTCUSDT,71232.24,8e-05
2026-03-25 16:45:40,BINANCE:BTCUSDT,71232.24,8e-05
2026-03-25 16:45:40,BINANCE:BTCUSDT,71232.24,8e-05
2026-03-25 16:45:40,BINANCE:BTCUSDT,71232.24,8e-05
2026-03-25 16:45:40,BINANCE:BTCUSDT,71232.24,8e-05
2026-03-25 16:45:40,BINANCE:BTCUSDT,71232.24,0.00191
2026-03-25 16:45:40,BINANCE:BTCUSDT,71232.24,0.01212
2026-03-25 16:45:40,BINANCE:BTCUSDT,71232.24,8e-05
2026-03-25 16:45:40,BINANCE:BTCUSDT,71232.24,8e-05
2026-03-25 16:45:40,BINANCE:BTCUSDT,71232.24,8e-05
2026-03-25 16:45:40,BINANCE:BTCUSDT,71232.24,0.00015
2026-03-25 16:45:40,BINANCE:BTCUSDT,71232.24,8e-05
2026-03-25 16:45:40,BINANCE:BTCUSDT,71232.24,8e-05
2026-03-25 16:45:40,BINANCE:BTCUSDT,71232.24,0.00015
2026-03-25 16:45:40,BINANCE:BTCUSDT,71232.24,8e-05
2026-03-25 16:45:40,BINANCE:BTCUSDT,71232.24,8e-05
2026-03-25 16:45:40,BINANCE:BTCUSDT,71232.24,8e-05
2026-03-25 16:45:40,BINANCE:BTCUSDT,71232.24,8e-05
2026-03-25 16:45:40,BINANCE:BTCUSDT,71232.24,0.0075
2026-03-25 16:45:40,BINANCE:BTCUSDT,71232.24,8e-05
2026-03-25 16:45:40,BINANCE:BTCUSDT,71232.24,8e-05
2026-03-25 16:45:40,BINANCE:BTCUSDT,71232.24,8e-05
2026-03-25 16:45:40,BINANCE:BTCUSDT,71232.24,8e-05
2026-03-25 16:45:40,BINANCE:BTCUSDT,71232.24,8e-05
2026-03-25 16:45:40,BINANCE:BTCUSDT,71232.24,8e-05
2026-03-25 16:45:40,BINANCE:BTCUSDT,71232.24,8e-05
2026-03-25 16:45:40,BINANCE:BTCUSDT,71232.24,8e-05
2026-03-25 16:45:40,BINANCE:BTCUSDT,71232.24,8e-05
2026-03-25 16:45:40,BINANCE:BTCUSDT,71232.24,8e-05
2026-03-25 16:45:40,BINANCE:BTCUSDT,71232.24,8e-05
2026-03-25 16:45:40,BINANCE:BTCUSDT,71232.24,8e-05
2026-03-25 16:45:40,BINANCE:BTCUSDT,71232.24,8e-05
2026-03-25 16:45:40,BINANCE:BTCUSDT,71232.24,8e-05
2026-03-25 16:45:40,BINANCE:BTCUSDT,71232.24,8e-05
2026-03-25 16:45:40,BINANCE:BTCUSDT,71232.24,8e-05
2026-03-25 16:45:40,BINANCE:BTCUSDT,71232.24,8e-05
2026-03-25 16:45:40,BINANCE:BTCUSDT,71232.24,8e-05
2026-03-25 16:45:40,BINANCE:BTCUSDT,71232.24,8e-05
2026-03-25 16:45:40,BINANCE:BTCUSDT,71232.24,8e-05
2026-03-25 16:45:40,BINANCE:BTCUSDT,71232.24,8e-05
2026-03-25 16:45:40,BINANCE:BTCUSDT,71232.24,8e-05
2026-03-25 16:45:40,BINANCE:BTCUSDT,71232.24,8e-05
2026-03-25 16:45:40,BINANCE:BTCUSDT,71232.24,8e-05
2026-03-25 16:45:40,BINANCE:BTCUSDT,71232.24,8e-05
2026-03-25 16:45:40,BINANCE:BTCUSDT,71232.24,8e-05
2026-03-25 16:45:40,BINANCE:BTCUSDT,71232.23,8e-05
2026-03-25 16:45:40,BINANCE:BTCUSDT,71232.23,8e-05
2026-03-25 16:45:40,BINANCE:BTCUSDT,71232.23,8e-05
2026-03-25 16:45:40,BINANCE:BTCUSDT,71232.23,8e-05
2026-03-25 16:45:40,BINANCE:BTCUSDT,71232.23,8e-05
2026-03-25 16:45:40,BINANCE:BTCUSDT,71232.21,8e-05
2026-03-25 16:45:40,BINANCE:BTCUSDT,71232.02,0.00016
2026-03-25 16:45:40,BINANCE:BTCUSDT,71232.02,8e-05
2026-03-25 16:45:40,BINANCE:BTCUSDT,71232.02,8e-05
2026-03-25 16:45:40,BINANCE:BTCUSDT,71232,0.00057
2026-03-25 16:45:40,BINANCE:BTCUSDT,71232,0.0004
2026-03-25 16:45:40,BINANCE:BTCUSDT,71232,0.0004
2026-03-25 16:45:40,BINANCE:BTCUSDT,71232,0.0004
2026-03-25 16:45:40,BINANCE:BTCUSDT,71231.87,8e-05
2026-03-25 16:45:40,BINANCE:ETHUSDT,2180.2,0.0047
2026-03-25 16:45:40,BINANCE:ETHUSDT,2180.2,0.0025
2026-03-25 16:45:40,BINANCE:ETHUSDT,2180.2,0.0047
2026-03-25 16:45:40,BINANCE:ETHUSDT,2180.2,0.0047
2026-03-25 16:45:40,BINANCE:ETHUSDT,2180.2,0.0047
2026-03-25 16:45:40,BINANCE:ETHUSDT,2180.2,0.0056
2026-03-25 16:45:40,BINANCE:ETHUSDT,2180.2,0.0047
2026-03-25 16:45:40,BINANCE:ETHUSDT,2180.2,0.0064
2026-03-25 16:45:40,BINANCE:ETHUSDT,2180.2,0.0155
2026-03-25 16:45:40,BINANCE:ETHUSDT,2180.2,0.0023
2026-03-25 16:45:40,BINANCE:ETHUSDT,2180.2,0.0025
2026-03-25 16:45:40,BINANCE:ETHUSDT,2180.2,0.0025
2026-03-25 16:45:40,BINANCE:ETHUSDT,2180.2,0.0047
2026-03-25 16:45:40,BINANCE:ETHUSDT,2180.2,0.0024
2026-03-25 16:45:40,BINANCE:ETHUSDT,2180.2,0.0024
2026-03-25 16:45:40,BINANCE:ETHUSDT,2180.2,0.0024
2026-03-25 16:45:40,BINANCE:ETHUSDT,2180.2,0.0116
2026-03-25 16:45:40,BINANCE:ETHUSDT,2180.2,0.0023
2026-03-25 16:45:40,BINANCE:ETHUSDT,2180.2,0.0025
2026-03-25 16:45:40,BINANCE:ETHUSDT,2180.2,0.0023
2026-03-25 16:45:40,BINANCE:ETHUSDT,2180.2,0.0023
2026-03-25 16:45:40,BINANCE:ETHUSDT,2180.19,0.1147
2026-03-25 16:45:40,BINANCE:ETHUSDT,2180.19,0.0092
2026-03-25 16:45:40,BINANCE:ETHUSDT,2180.19,0.0023
2026-03-25 16:45:40,BINANCE:ETHUSDT,2180.19,0.0025
2026-03-25 16:45:40,BINANCE:ETHUSDT,2180.19,0.0023
2026-03-25 16:45:40,BINANCE:ETHUSDT,2180.19,0.0024
2026-03-25 16:45:40,BINANCE:ETHUSDT,2180.19,0.0024
2026-03-25 16:45:40,BINANCE:ETHUSDT,2180.19,0.0023
2026-03-25 16:45:40,BINANCE:ETHUSDT,2180.19,0.0023
2026-03-25 16:45:40,BINANCE:ETHUSDT,2180.18,0.0023
2026-03-25 16:45:40,BINANCE:ETHUSDT,2180.18,0.0025
2026-03-25 16:45:40,BINANCE:ETHUSDT,2180.17,0.0025
2026-03-25 16:45:40,BINANCE:ETHUSDT,2180.17,1.0916
2026-03-25 16:45:41,BINANCE:BTCUSDT,71231.04,0.0004
2026-03-25 16:45:41,BINANCE:BTCUSDT,71231.04,8e-05
2026-03-25 16:45:41,BINANCE:BTCUSDT,71231.04,8e-05
2026-03-25 16:45:41,BINANCE:BTCUSDT,71231.04,8e-05
2026-03-25 16:45:41,BINANCE:BTCUSDT,71231.04,8e-05
2026-03-25 16:45:41,BINANCE:BTCUSDT,71231.04,8e-05
2026-03-25 16:45:41,BINANCE:BTCUSDT,71231.04,8e-05
2026-03-25 16:45:41,BINANCE:BTCUSDT,71231.04,0.00015
2026-03-25 16:45:41,BINANCE:BTCUSDT,71231.04,8e-05
2026-03-25 16:45:41,BINANCE:BTCUSDT,71231.04,8e-05
2026-03-25 16:45:41,BINANCE:BTCUSDT,71231.04,8e-05
2026-03-25 16:45:41,BINANCE:BTCUSDT,71231.04,8e-05
2026-03-25 16:45:41,BINANCE:BTCUSDT,71231.04,8e-05
2026-03-25 16:45:41,BINANCE:BTCUSDT,71231.04,8e-05
2026-03-25 16:45:41,BINANCE:BTCUSDT,71231.03,8e-05
2026-03-25 16:45:41,BINANCE:BTCUSDT,71231.03,8e-05
2026-03-25 16:45:41,BINANCE:BTCUSDT,71231.03,8e-05
2026-03-25 16:45:41,BINANCE:BTCUSDT,71231.03,8e-05
2026-03-25 16:45:41,BINANCE:BTCUSDT,71231.03,8e-05
2026-03-25 16:45:41,BINANCE:BTCUSDT,71231.03,8e-05
2026-03-25 16:45:41,BINANCE:BTCUSDT,71230.68,8e-05
2026-03-25 16:45:41,BINANCE:BTCUSDT,71230.68,8e-05
2026-03-25 16:45:41,BINANCE:BTCUSDT,71230.47,8e-05
2026-03-25 16:45:41,BINANCE:BTCUSDT,71230.35,0.00497
2026-03-25 16:45:41,BINANCE:BTCUSDT,71230,0.0004
2026-03-25 16:45:41,BINANCE:BTCUSDT,71230,0.0004
2026-03-25 16:45:41,BINANCE:BTCUSDT,71230,0.0004
2026-03-25 16:45:41,BINANCE:BTCUSDT,71229.75,8e-05
2026-03-25 16:45:41,BINANCE:BTCUSDT,71228.64,8e-05
2026-03-25 16:45:41,BINANCE:BTCUSDT,71228.34,8e-05
2026-03-25 16:45:41,BINANCE:BTCUSDT,71228.24,8e-05
2026-03-25 16:45:41,BINANCE:BTCUSDT,71228.24,8e-05
2026-03-25 16:45:41,BINANCE:BTCUSDT,71228.24,8e-05
2026-03-25 16:45:41,BINANCE:BTCUSDT,71228.24,8e-05
2026-03-25 16:45:41,BINANCE:BTCUSDT,71228.24,8e-05
2026-03-25 16:45:41,BINANCE:BTCUSDT,71228.03,8e-05
2026-03-25 16:45:41,BINANCE:BTCUSDT,71228,0.0004
2026-03-25 16:45:41,BINANCE:BTCUSDT,71228,0.0004
2026-03-25 16:45:41,BINANCE:BTCUSDT,71228,0.0004
2026-03-25 16:45:41,BINANCE:BTCUSDT,71227.97,8e-05
2026-03-25 16:45:41,BINANCE:BTCUSDT,71227.97,8e-05
2026-03-25 16:45:41,BINANCE:BTCUSDT,71227.97,8e-05
2026-03-25 16:45:41,BINANCE:BTCUSDT,71227.97,8e-05
2026-03-25 16:45:41,BINANCE:BTCUSDT,71227.97,8e-05
2026-03-25 16:45:41,BINANCE:BTCUSDT,71227.97,8e-05
2026-03-25 16:45:41,BINANCE:BTCUSDT,71227.96,8e-05
2026-03-25 16:45:41,BINANCE:BTCUSDT,71227.25,0.003
2026-03-25 16:45:41,BINANCE:BTCUSDT,71226.72,0.00373
2026-03-25 16:45:41,BINANCE:BTCUSDT,71226,0.0004
2026-03-25 16:45:41,BINANCE:BTCUSDT,71226,0.0004
2026-03-25 16:45:41,BINANCE:BTCUSDT,71226,0.0004
2026-03-25 16:45:41,BINANCE:BTCUSDT,71225.24,8e-05
2026-03-25 16:45:41,BINANCE:BTCUSDT,71225.23,8e-05
2026-03-25 16:45:41,BINANCE:BTCUSDT,71225.23,8e-05
2026-03-25 16:45:41,BINANCE:BTCUSDT,71225.22,0.02282
2026-03-25 16:45:41,BINANCE:BTCUSDT,71225.22,8e-05
2026-03-25 16:45:41,BINANCE:BTCUSDT,71225.22,8e-05
2026-03-25 16:45:41,BINANCE:BTCUSDT,71225.07,8e-05
2026-03-25 16:45:41,BINANCE:BTCUSDT,71224.93,8e-05
2026-03-25 16:45:41,BINANCE:BTCUSDT,71224.93,8e-05
2026-03-25 16:45:41,BINANCE:BTCUSDT,71224.93,8e-05
2026-03-25 16:45:41,BINANCE:BTCUSDT,71224.93,8e-05
2026-03-25 16:45:41,BINANCE:BTCUSDT,71224.93,8e-05
2026-03-25 16:45:41,BINANCE:BTCUSDT,71224.93,8e-05
2026-03-25 16:45:41,BINANCE:BTCUSDT,71224.92,8e-05
2026-03-25 16:45:41,BINANCE:BTCUSDT,71224.92,8e-05
2026-03-25 16:45:41,BINANCE:BTCUSDT,71224.92,8e-05
2026-03-25 16:45:41,BINANCE:BTCUSDT,71224.92,8e-05
2026-03-25 16:45:41,BINANCE:BTCUSDT,71224.92,8e-05
2026-03-25 16:45:41,BINANCE:BTCUSDT,71224.89,8e-05
2026-03-25 16:45:41,BINANCE:BTCUSDT,71224.88,0.00057
2026-03-25 16:45:41,BINANCE:BTCUSDT,71224.81,8e-05
2026-03-25 16:45:41,BINANCE:BTCUSDT,71224.77,0.00029
2026-03-25 16:45:41,BINANCE:BTCUSDT,71224.66,0.00015
2026-03-25 16:45:41,BINANCE:BTCUSDT,71224.32,8e-05
2026-03-25 16:45:41,BINANCE:BTCUSDT,71224.32,8e-05
2026-03-25 16:45:41,BINANCE:BTCUSDT,71224.32,8e-05
2026-03-25 16:45:41,BINANCE:BTCUSDT,71224.32,8e-05
2026-03-25 16:45:41,BINANCE:BTCUSDT,71224.18,8e-05
2026-03-25 16:45:41,BINANCE:BTCUSDT,71224,0.0004
2026-03-25 16:45:41,BINANCE:BTCUSDT,71224,0.0004
2026-03-25 16:45:41,BINANCE:BTCUSDT,71224,0.0004
2026-03-25 16:45:41,BINANCE:BTCUSDT,71223.37,8e-05
2026-03-25 16:45:41,BINANCE:ETHUSDT,2180.16,0.0023
2026-03-25 16:45:41,BINANCE:ETHUSDT,2180.16,0.0025
2026-03-25 16:45:41,BINANCE:ETHUSDT,2180.16,0.0024
2026-03-25 16:45:41,BINANCE:ETHUSDT,2180.16,0.0024
2026-03-25 16:45:41,BINANCE:ETHUSDT,2180.16,0.0024
2026-03-25 16:45:41,BINANCE:ETHUSDT,2180.16,0.0024
2026-03-25 16:45:41,BINANCE:ETHUSDT,2180.16,0.0024
2026-03-25 16:45:41,BINANCE:ETHUSDT,2180.16,0.0047
2026-03-25 16:45:41,BINANCE:ETHUSDT,2180.16,0.0024
2026-03-25 16:45:41,BINANCE:ETHUSDT,2180.16,0.0024
2026-03-25 16:45:41,BINANCE:ETHUSDT,2180.16,0.0024
2026-03-25 16:45:41,BINANCE:ETHUSDT,2180.16,0.0024
2026-03-25 16:45:41,BINANCE:ETHUSDT,2180.16,0.0047
2026-03-25 16:45:41,BINANCE:ETHUSDT,2180.16,0.0116
2026-03-25 16:45:41,BINANCE:ETHUSDT,2180.16,0.0023
2026-03-25 16:45:41,BINANCE:ETHUSDT,2180.15,0.0419
2026-03-25 16:45:41,BINANCE:ETHUSDT,2180.15,0.0023
2026-03-25 16:45:41,BINANCE:ETHUSDT,2180.15,0.0025
2026-03-25 16:45:41,BINANCE:ETHUSDT,2180.15,0.0024
2026-03-25 16:45:41,BINANCE:ETHUSDT,2180.15,0.0024
2026-03-25 16:45:41,BINANCE:ETHUSDT,2180.15,0.0024
2026-03-25 16:45:41,BINANCE:ETHUSDT,2180.15,0.0023
2026-03-25 16:45:41,BINANCE:ETHUSDT,2180.15,0.0023
2026-03-25 16:45:41,BINANCE:ETHUSDT,2180.15,0.0023
2026-03-25 16:45:41,BINANCE:ETHUSDT,2180.15,0.0023
2026-03-25 16:45:41,BINANCE:ETHUSDT,2180.14,0.0023
2026-03-25 16:45:41,BINANCE:ETHUSDT,2180.14,0.0025
2026-03-25 16:45:41,BINANCE:ETHUSDT,2180.14,0.0156
2026-03-25 16:45:41,BINANCE:ETHUSDT,2180.14,0.0023
2026-03-25 16:45:41,BINANCE:ETHUSDT,2180.13,0.0023
2026-03-25 16:45:41,BINANCE:ETHUSDT,2180.13,0.0025
2026-03-25 16:45:41,BINANCE:ETHUSDT,2180.13,0.0023
2026-03-25 16:45:41,BINANCE:ETHUSDT,2180.12,0.0023
2026-03-25 16:45:41,BINANCE:ETHUSDT,2180.12,0.0023
2026-03-25 16:45:41,BINANCE:ETHUSDT,2180.12,0.0025
2026-03-25 16:45:41,BINANCE:ETHUSDT,2180.12,0.0024
2026-03-25 16:45:41,BINANCE:ETHUSDT,2180.12,0.0144
2026-03-25 16:45:41,BINANCE:ETHUSDT,2180.12,0.0023
2026-03-25 16:45:41,BINANCE:ETHUSDT,2180.12,0.0023
2026-03-25 16:45:41,BINANCE:ETHUSDT,2180.11,0.0025
2026-03-25 16:45:41,BINANCE:ETHUSDT,2180.1,0.003
2026-03-25 16:45:41,BINANCE:ETHUSDT,2180.1,0.0023
2026-03-25 16:45:41,BINANCE:ETHUSDT,2180.1,0.0023
2026-03-25 16:45:41,BINANCE:ETHUSDT,2180.1,0.0083
2026-03-25 16:45:41,BINANCE:ETHUSDT,2180.1,0.0024
2026-03-25 16:45:41,BINANCE:ETHUSDT,2180.1,0.0025
2026-03-25 16:45:41,BINANCE:ETHUSDT,2180.1,0.0023
2026-03-25 16:45:41,BINANCE:ETHUSDT,2180.1,0.0023
2026-03-25 16:45:41,BINANCE:ETHUSDT,2180.1,0.0023
2026-03-25 16:45:41,BINANCE:ETHUSDT,2180.1,0.0023
2026-03-25 16:45:41,BINANCE:ETHUSDT,2180.09,0.0028
2026-03-25 16:45:41,BINANCE:ETHUSDT,2180.09,0.0419
2026-03-25 16:45:41,BINANCE:ETHUSDT,2180.09,0.0023
2026-03-25 16:45:41,BINANCE:ETHUSDT,2180.09,0.0102
2026-03-25 16:45:41,BINANCE:ETHUSDT,2180.09,0.0025
2026-03-25 16:45:41,BINANCE:ETHUSDT,2180.09,0.0023
2026-03-25 16:45:41,BINANCE:ETHUSDT,2180.09,0.0023
2026-03-25 16:45:41,BINANCE:ETHUSDT,2180.09,0.0023
2026-03-25 16:45:41,BINANCE:ETHUSDT,2180.09,0.0023
2026-03-25 16:45:41,BINANCE:ETHUSDT,2180.07,0.0023
2026-03-25 16:45:41,BINANCE:ETHUSDT,2180.07,0.06
2026-03-25 16:45:41,BINANCE:ETHUSDT,2180.07,0.0025
2026-03-25 16:45:41,BINANCE:ETHUSDT,2180.07,0.0025
2026-03-25 16:45:41,BINANCE:ETHUSDT,2180.07,0.0025
2026-03-25 16:45:41,BINANCE:ETHUSDT,2180.07,0.0023
2026-03-25 16:45:41,BINANCE:ETHUSDT,2180.07,0.0025
2026-03-25 16:45:41,BINANCE:ETHUSDT,2180.07,0.0023
2026-03-25 16:45:41,BINANCE:ETHUSDT,2180.07,0.0023
2026-03-25 16:45:41,BINANCE:ETHUSDT,2180.07,0.0023
2026-03-25 16:45:41,BINANCE:ETHUSDT,2180.06,0.0594
2026-03-25 16:45:41,BINANCE:ETHUSDT,2180.06,0.0023
2026-03-25 16:45:41,BINANCE:ETHUSDT,2180.06,0.019
2026-03-25 16:45:41,BINANCE:ETHUSDT,2180.06,0.0025
2026-03-25 16:45:41,BINANCE:ETHUSDT,2180.06,0.026
2026-03-25 16:45:41,BINANCE:ETHUSDT,2180.06,0.0025
2026-03-25 16:45:41,BINANCE:ETHUSDT,2180.06,0.0025
2026-03-25 16:45:41,BINANCE:ETHUSDT,2180.06,0.0023
2026-03-25 16:45:41,BINANCE:ETHUSDT,2180.06,0.0025
2026-03-25 16:45:41,BINANCE:ETHUSDT,2180.06,0.0023
2026-03-25 16:45:41,BINANCE:ETHUSDT,2180.06,0.0023
2026-03-25 16:45:41,BINANCE:ETHUSDT,2180.06,0.0023
2026-03-25 16:45:41,BINANCE:BNBUSDT,649.32,0.2
2026-03-25 16:45:41,BINANCE:BNBUSDT,649.32,0.203
2026-03-25 16:45:41,BINANCE:BTCUSDT,71223.37,0.00103
2026-03-25 16:45:41,BINANCE:ETHUSDT,2180.05,0.0023
2026-03-25 16:45:41,BINANCE:ETHUSDT,2180.05,0.0024
2026-03-25 16:45:41,BINANCE:ETHUSDT,2180.05,0.2453
2026-03-25 16:45:42,BINANCE:BNBUSDT,649.32,1
2026-03-25 16:45:42,BINANCE:BTCUSDT,71223.37,0.05641
2026-03-25 16:45:43,BINANCE:BNBUSDT,649.31,0.008
2026-03-25 16:45:43,BINANCE:ETHUSDT,2180.06,0.0047
2026-03-25 16:45:43,BINANCE:ETHUSDT,2180.06,0.0047
2026-03-25 16:45:43,BINANCE:ETHUSDT,2180.06,0.0244
2026-03-25 16:45:43,BINANCE:ETHUSDT,2180.06,0.0047
2026-03-25 16:45:43,BINANCE:ETHUSDT,2180.06,0.0023
2026-03-25 16:45:43,BINANCE:ETHUSDT,2180.06,0.0047
2026-03-25 16:45:43,BINANCE:ETHUSDT,2180.06,0.0024
2026-03-25 16:45:43,BINANCE:ETHUSDT,2180.06,0.0024
2026-03-25 16:45:43,BINANCE:ETHUSDT,2180.06,0.0023
2026-03-25 16:45:43,BINANCE:ETHUSDT,2180.06,0.0128
2026-03-25 16:45:43,BINANCE:ETHUSDT,2180.06,0.0023
2026-03-25 16:45:43,BINANCE:ETHUSDT,2180.06,0.0023
2026-03-25 16:45:43,BINANCE:ETHUSDT,2180.06,0.0023
2026-03-25 16:45:43,BINANCE:ETHUSDT,2180.06,0.0023
2026-03-25 16:45:43,BINANCE:ETHUSDT,2180.06,0.0023
2026-03-25 16:45:43,BINANCE:ETHUSDT,2180.07,0.0024
2026-03-25 16:45:43,BINANCE:ETHUSDT,2180.07,0.0024
2026-03-25 16:45:43,BINANCE:ETHUSDT,2180.1,0.0023
2026-03-25 16:45:43,BINANCE:ETHUSDT,2180.15,0.0024
2026-03-25 16:45:43,BINANCE:ETHUSDT,2180.16,0.0025
2026-03-25 16:45:43,BINANCE:ETHUSDT,2180.16,0.0025
2026-03-25 16:45:43,BINANCE:ETHUSDT,2180.16,0.0023
2026-03-25 16:45:43,BINANCE:ETHUSDT,2180.16,0.0024
2026-03-25 16:45:43,BINANCE:ETHUSDT,2180.16,0.0024
2026-03-25 16:45:43,BINANCE:ETHUSDT,2180.16,0.0159
2026-03-25 16:45:43,BINANCE:ETHUSDT,2180.16,0.0025
2026-03-25 16:45:43,BINANCE:ETHUSDT,2180.16,0.0023
2026-03-25 16:45:43,BINANCE:ETHUSDT,2180.16,0.0023
2026-03-25 16:45:43,BINANCE:ETHUSDT,2180.16,0.0023
2026-03-25 16:45:43,BINANCE:ETHUSDT,2180.16,0.0023
2026-03-25 16:45:43,BINANCE:ETHUSDT,2180.17,0.0023
2026-03-25 16:45:43,BINANCE:ETHUSDT,2180.17,0.2369
2026-03-25 16:45:43,BINANCE:ETHUSDT,2180.17,0.0025
2026-03-25 16:45:43,BINANCE:ETHUSDT,2180.17,0.0024
2026-03-25 16:45:43,BINANCE:ETHUSDT,2180.17,0.0023
2026-03-25 16:45:43,BINANCE:ETHUSDT,2180.18,0.0023
2026-03-25 16:45:43,BINANCE:ETHUSDT,2180.18,0.0023
2026-03-25 16:45:43,BINANCE:ETHUSDT,2180.18,0.0023
2026-03-25 16:45:43,BINANCE:ETHUSDT,2180.18,0.0023
2026-03-25 16:45:43,BINANCE:ETHUSDT,2180.18,0.0023
2026-03-25 16:45:43,BINANCE:ETHUSDT,2180.19,0.0023
2026-03-25 16:45:43,BINANCE:ETHUSDT,2180.19,0.0024
2026-03-25 16:45:43,BINANCE:ETHUSDT,2180.19,0.0023
2026-03-25 16:45:43,BINANCE:ETHUSDT,2180.19,0.0023
2026-03-25 16:45:43,BINANCE:ETHUSDT,2180.19,0.0023
2026-03-25 16:45:43,BINANCE:ETHUSDT,2180.19,0.0023
2026-03-25 16:45:43,BINANCE:ETHUSDT,2180.2,0.0023
2026-03-25 16:45:43,BINANCE:ETHUSDT,2180.2,0.0023
2026-03-25 16:45:43,BINANCE:ETHUSDT,2180.2,0.0025
2026-03-25 16:45:43,BINANCE:ETHUSDT,2180.2,0.0025
2026-03-25 16:45:43,BINANCE:ETHUSDT,2180.2,0.0023
2026-03-25 16:45:43,BINANCE:ETHUSDT,2180.2,0.0025
2026-03-25 16:45:43,BINANCE:ETHUSDT,2180.2,0.0023
2026-03-25 16:45:43,BINANCE:ETHUSDT,2180.2,0.0023
2026-03-25 16:45:43,BINANCE:ETHUSDT,2180.2,0.0023
2026-03-25 16:45:43,BINANCE:BTCUSDT,71223.37,0.00155
2026-03-25 16:45:44,BINANCE:BNBUSDT,649.32,0.809
2026-03-25 16:45:44,BINANCE:BTCUSDT,71223.36,8e-05
2026-03-25 16:45:44,BINANCE:BTCUSDT,71223.36,0.0081
2026-03-25 16:45:44,BINANCE:BTCUSDT,71223.36,0.00234
2026-03-25 16:45:44,BINANCE:BTCUSDT,71223.37,0.01614
2026-03-25 16:45:44,BINANCE:BTCUSDT,71223.37,0.00109
2026-03-25 16:45:44,BINANCE:BNBUSDT,649.32,2.145
2026-03-25 16:45:44,BINANCE:BNBUSDT,649.32,0.008
2026-03-25 16:45:44,BINANCE:BNBUSDT,649.32,0.009
2026-03-25 16:45:44,BINANCE:BNBUSDT,649.32,0.009
2026-03-25 16:45:44,BINANCE:BNBUSDT,649.32,0.009
2026-03-25 16:45:44,BINANCE:BNBUSDT,649.32,0.009
2026-03-25 16:45:44,BINANCE:BNBUSDT,649.32,0.009
2026-03-25 16:45:44,BINANCE:BNBUSDT,649.32,0.009
2026-03-25 16:45:44,BINANCE:BNBUSDT,649.32,0.823
2026-03-25 16:45:45,BINANCE:BTCUSDT,71223.37,0.00091
2026-03-25 16:45:45,BINANCE:BTCUSDT,71223.37,0.01584
2026-03-25 16:45:45,BINANCE:BNBUSDT,649.32,0.007
2026-03-25 16:45:45,BINANCE:BNBUSDT,649.31,0.012
2026-03-25 16:45:45,BINANCE:ETHUSDT,2180.21,0.0023
2026-03-25 16:45:45,BINANCE:ETHUSDT,2180.21,0.0014
2026-03-25 16:45:45,BINANCE:BNBUSDT,649.31,0.03
2026-03-25 16:45:45,BINANCE:BNBUSDT,649.32,0.007
2026-03-25 16:45:46,BINANCE:ETHUSDT,2180.21,0.0009
2026-03-25 16:45:46,BINANCE:ETHUSDT,2180.21,0.0023
2026-03-25 16:45:46,BINANCE:ETHUSDT,2180.21,0.1574
2026-03-25 16:45:45,BINANCE:BTCUSDT,71223.37,0.00109
2026-03-25 16:45:45,BINANCE:BNBUSDT,649.31,0.119
2026-03-25 16:45:46,BINANCE:ETHUSDT,2180.21,0.0373
2026-03-25 16:45:46,BINANCE:BNBUSDT,649.32,0.001
2026-03-25 16:45:46,BINANCE:BNBUSDT,649.32,0.008
2026-03-25 16:45:46,BINANCE:BNBUSDT,649.32,0.008
2026-03-25 16:45:46,BINANCE:BNBUSDT,649.32,0.008
2026-03-25 16:45:46,BINANCE:BNBUSDT,649.32,0.202
2026-03-25 16:45:46,BINANCE:BNBUSDT,649.32,0.009
2026-03-25 16:45:46,BINANCE:BNBUSDT,649.32,0.009
2026-03-25 16:45:46,BINANCE:BNBUSDT,649.32,0.009
2026-03-25 16:45:46,BINANCE:BNBUSDT,649.32,0.009
2026-03-25 16:45:46,BINANCE:BNBUSDT,649.32,0.009
2026-03-25 16:45:46,BINANCE:BNBUSDT,649.32,0.009
2026-03-25 16:45:46,BINANCE:BNBUSDT,649.32,0.008
2026-03-25 16:45:46,BINANCE:BNBUSDT,649.32,0.008
2026-03-25 16:45:46,BINANCE:BNBUSDT,649.32,0.201
2026-03-25 16:45:46,BINANCE:BNBUSDT,649.32,0.008
2026-03-25 16:45:46,BINANCE:BNBUSDT,649.32,0.008
2026-03-25 16:45:46,BINANCE:BNBUSDT,649.32,0.009
2026-03-25 16:45:46,BINANCE:BNBUSDT,649.32,0.008
2026-03-25 16:45:46,BINANCE:BNBUSDT,649.32,0.008
2026-03-25 16:45:46,BINANCE:BNBUSDT,649.32,0.008
2026-03-25 16:45:46,BINANCE:BNBUSDT,649.32,0.008
2026-03-25 16:45:46,BINANCE:BNBUSDT,649.32,0.008
2026-03-25 16:45:46,BINANCE:BNBUSDT,649.32,0.008
2026-03-25 16:45:46,BINANCE:BNBUSDT,649.33,0.009
2026-03-25 16:45:46,BINANCE:BNBUSDT,649.34,0.007
2026-03-25 16:45:46,BINANCE:BTCUSDT,71223.36,0.01556
2026-03-25 16:45:46,BINANCE:BTCUSDT,71223.36,0.01838
2026-03-25 16:45:47,BINANCE:BTCUSDT,71223.36,0.00022
2026-03-25 16:45:47,BINANCE:BNBUSDT,649.34,0.002
2026-03-25 16:45:47,BINANCE:BNBUSDT,649.34,0.005
2026-03-25 16:45:47,BINANCE:BNBUSDT,649.33,0.034
2026-03-25 16:45:47,BINANCE:BTCUSDT,71223.37,0.00032
2026-03-25 16:45:47,BINANCE:BTCUSDT,71223.36,0.00026
2026-03-25 16:45:47,BINANCE:BTCUSDT,71223.37,0.07202
2026-03-25 16:45:47,BINANCE:BTCUSDT,71223.37,0.11136
2026-03-25 16:45:47,BINANCE:BTCUSDT,71223.37,0.00046
2026-03-25 16:45:47,BINANCE:BTCUSDT,71223.37,0.00307
2026-03-25 16:45:47,BINANCE:BTCUSDT,71223.37,0.00015
2026-03-25 16:45:47,BINANCE:BTCUSDT,71223.37,8e-05
2026-03-25 16:45:47,BINANCE:BTCUSDT,71223.37,0.0004
2026-03-25 16:45:47,BINANCE:BTCUSDT,71223.37,0.02633
2026-03-25 16:45:47,BINANCE:BTCUSDT,71223.37,0.00015
2026-03-25 16:45:47,BINANCE:BTCUSDT,71223.37,0.00153
2026-03-25 16:45:47,BINANCE:BTCUSDT,71223.37,0.00554
2026-03-25 16:45:47,BINANCE:BTCUSDT,71223.37,0.00015
2026-03-25 16:45:47,BINANCE:BTCUSDT,71223.37,0.00015
2026-03-25 16:45:47,BINANCE:BTCUSDT,71223.37,0.00015
2026-03-25 16:45:47,BINANCE:BTCUSDT,71223.37,8e-05
2026-03-25 16:45:47,BINANCE:BTCUSDT,71223.37,8e-05
2026-03-25 16:45:47,BINANCE:BTCUSDT,71223.37,0.00069
2026-03-25 16:45:47,BINANCE:BTCUSDT,71223.37,0.01059
2026-03-25 16:45:47,BINANCE:BTCUSDT,71223.37,0.48562
2026-03-25 16:45:47,BINANCE:BTCUSDT,71223.37,0.75156
2026-03-25 16:45:47,BINANCE:BTCUSDT,71223.37,0.13077
2026-03-25 16:45:47,BINANCE:BTCUSDT,71223.37,0.12735
2026-03-25 16:45:47,BINANCE:BTCUSDT,71223.37,0.11889
2026-03-25 16:45:47,BINANCE:BTCUSDT,71223.37,0.15948
2026-03-25 16:45:47,BINANCE:BTCUSDT,71223.37,0.13422
2026-03-25 16:45:47,BINANCE:BTCUSDT,71223.37,0.15772
2026-03-25 16:45:47,BINANCE:BTCUSDT,71223.37,0.03023
2026-03-25 16:45:47,BINANCE:BTCUSDT,71223.37,0.00015
2026-03-25 16:45:47,BINANCE:BTCUSDT,71223.37,0.0022
2026-03-25 16:45:47,BINANCE:BTCUSDT,71223.37,8e-05
2026-03-25 16:45:47,BINANCE:BTCUSDT,71223.37,8e-05
2026-03-25 16:45:47,BINANCE:BTCUSDT,71223.37,8e-05
2026-03-25 16:45:47,BINANCE:BTCUSDT,71223.37,8e-05
2026-03-25 16:45:47,BINANCE:BTCUSDT,71223.37,8e-05
2026-03-25 16:45:47,BINANCE:BTCUSDT,71223.37,8e-05
2026-03-25 16:45:47,BINANCE:BTCUSDT,71223.37,8e-05
2026-03-25 16:45:47,BINANCE:BTCUSDT,71223.37,8e-05
2026-03-25 16:45:47,BINANCE:BTCUSDT,71223.37,8e-05
2026-03-25 16:45:47,BINANCE:BTCUSDT,71223.37,8e-05
2026-03-25 16:45:47,BINANCE:BTCUSDT,71223.37,8e-05
2026-03-25 16:45:47,BINANCE:BTCUSDT,71223.37,8e-05
2026-03-25 16:45:47,BINANCE:BTCUSDT,71223.37,8e-05
2026-03-25 16:45:47,BINANCE:BTCUSDT,71223.37,8e-05
2026-03-25 16:45:47,BINANCE:BTCUSDT,71223.37,8e-05
2026-03-25 16:45:47,BINANCE:BTCUSDT,71223.37,8e-05
2026-03-25 16:45:47,BINANCE:BTCUSDT,71223.37,8e-05
2026-03-25 16:45:47,BINANCE:BTCUSDT,71223.37,8e-05
2026-03-25 16:45:47,BINANCE:BTCUSDT,71223.37,8e-05
2026-03-25 16:45:47,BINANCE:BTCUSDT,71223.37,8e-05
2026-03-25 16:45:47,BINANCE:BTCUSDT,71223.37,8e-05
2026-03-25 16:45:47,BINANCE:BTCUSDT,71223.37,8e-05
2026-03-25 16:45:47,BINANCE:BTCUSDT,71223.37,8e-05
2026-03-25 16:45:47,BINANCE:BTCUSDT,71223.37,8e-05
2026-03-25 16:45:47,BINANCE:BTCUSDT,71223.38,8e-05
2026-03-25 16:45:47,BINANCE:BTCUSDT,71223.38,8e-05
2026-03-25 16:45:47,BINANCE:BTCUSDT,71223.38,8e-05
2026-03-25 16:45:47,BINANCE:BTCUSDT,71223.38,8e-05
2026-03-25 16:45:47,BINANCE:BTCUSDT,71223.38,8e-05
2026-03-25 16:45:47,BINANCE:BTCUSDT,71223.38,8e-05
2026-03-25 16:45:47,BINANCE:BTCUSDT,71223.38,8e-05
2026-03-25 16:45:47,BINANCE:BTCUSDT,71223.83,8e-05
2026-03-25 16:45:47,BINANCE:BTCUSDT,71223.84,0.03671
2026-03-25 16:45:47,BINANCE:BTCUSDT,71223.84,8e-05
2026-03-25 16:45:47,BINANCE:BTCUSDT,71223.84,8e-05
2026-03-25 16:45:47,BINANCE:BTCUSDT,71224.05,8e-05
2026-03-25 16:45:47,BINANCE:BTCUSDT,71224.81,8e-05
2026-03-25 16:45:47,BINANCE:BTCUSDT,71225.1,8e-05
2026-03-25 16:45:47,BINANCE:BTCUSDT,71225.11,0.02747
2026-03-25 16:45:47,BINANCE:BTCUSDT,71225.11,8e-05
2026-03-25 16:45:47,BINANCE:BTCUSDT,71225.11,8e-05
2026-03-25 16:45:47,BINANCE:BTCUSDT,71225.58,8e-05
2026-03-25 16:45:47,BINANCE:BTCUSDT,71225.59,0.00825
2026-03-25 16:45:47,BINANCE:BTCUSDT,71225.59,8e-05
2026-03-25 16:45:47,BINANCE:BTCUSDT,71225.59,8e-05
2026-03-25 16:45:47,BINANCE:BTCUSDT,71225.59,8e-05
2026-03-25 16:45:47,BINANCE:BTCUSDT,71225.59,8e-05
2026-03-25 16:45:47,BINANCE:BTCUSDT,71225.59,8e-05
2026-03-25 16:45:47,BINANCE:BTCUSDT,71225.59,8e-05
2026-03-25 16:45:47,BINANCE:BTCUSDT,71225.59,8e-05
2026-03-25 16:45:47,BINANCE:BTCUSDT,71225.59,8e-05
2026-03-25 16:45:47,BINANCE:BTCUSDT,71225.59,8e-05
2026-03-25 16:45:47,BINANCE:BTCUSDT,71225.59,8e-05
2026-03-25 16:45:47,BINANCE:BTCUSDT,71225.59,8e-05
2026-03-25 16:45:47,BINANCE:BTCUSDT,71225.59,0.00015
2026-03-25 16:45:47,BINANCE:BTCUSDT,71225.59,8e-05
2026-03-25 16:45:47,BINANCE:BTCUSDT,71225.59,8e-05
2026-03-25 16:45:47,BINANCE:BTCUSDT,71225.59,8e-05
2026-03-25 16:45:47,BINANCE:BTCUSDT,71225.59,8e-05
2026-03-25 16:45:47,BINANCE:BTCUSDT,71225.59,8e-05
2026-03-25 16:45:47,BINANCE:BTCUSDT,71225.59,8e-05
2026-03-25 16:45:47,BINANCE:BTCUSDT,71225.59,8e-05
2026-03-25 16:45:47,BINANCE:BTCUSDT,71225.59,0.00224
2026-03-25 16:45:47,BINANCE:BTCUSDT,71225.59,8e-05
2026-03-25 16:45:47,BINANCE:BTCUSDT,71225.59,8e-05
2026-03-25 16:45:47,BINANCE:BTCUSDT,71225.6,8e-05
2026-03-25 16:45:47,BINANCE:BTCUSDT,71225.6,8e-05
2026-03-25 16:45:47,BINANCE:BTCUSDT,71225.6,8e-05
2026-03-25 16:45:47,BINANCE:BTCUSDT,71225.6,8e-05
2026-03-25 16:45:47,BINANCE:BTCUSDT,71225.6,8e-05
2026-03-25 16:45:47,BINANCE:BTCUSDT,71225.6,8e-05
2026-03-25 16:45:47,BINANCE:BTCUSDT,71225.6,8e-05
2026-03-25 16:45:47,BINANCE:BTCUSDT,71225.6,8e-05
2026-03-25 16:45:47,BINANCE:BTCUSDT,71225.6,8e-05
2026-03-25 16:45:47,BINANCE:BTCUSDT,71226.47,0.00765
2026-03-25 16:45:47,BINANCE:BTCUSDT,71226.92,8e-05
2026-03-25 16:45:47,BINANCE:BTCUSDT,71226.92,8e-05
2026-03-25 16:45:47,BINANCE:BTCUSDT,71227.14,8e-05
2026-03-25 16:45:47,BINANCE:BTCUSDT,71227.14,8e-05
2026-03-25 16:45:47,BINANCE:BTCUSDT,71227.15,8e-05
2026-03-25 16:45:47,BINANCE:BTCUSDT,71227.15,8e-05
2026-03-25 16:45:47,BINANCE:BTCUSDT,71227.15,8e-05
2026-03-25 16:45:47,BINANCE:BTCUSDT,71227.15,8e-05
2026-03-25 16:45:47,BINANCE:BTCUSDT,71227.36,8e-05
2026-03-25 16:45:47,BINANCE:BTCUSDT,71227.37,8e-05
2026-03-25 16:45:47,BINANCE:BTCUSDT,71227.37,8e-05
2026-03-25 16:45:47,BINANCE:BTCUSDT,71228.02,8e-05
2026-03-25 16:45:47,BINANCE:BTCUSDT,71228.34,8e-05
2026-03-25 16:45:47,BINANCE:BTCUSDT,71228.36,0.003
2026-03-25 16:45:47,BINANCE:BTCUSDT,71229.25,8e-05
2026-03-25 16:45:47,BINANCE:BTCUSDT,71229.25,8e-05
2026-03-25 16:45:47,BINANCE:BTCUSDT,71230.36,8e-05
2026-03-25 16:45:47,BINANCE:BTCUSDT,71230.36,8e-05
2026-03-25 16:45:47,BINANCE:BTCUSDT,71230.48,0.00228
2026-03-25 16:45:47,BINANCE:BTCUSDT,71230.48,0.019
2026-03-25 16:45:47,BINANCE:BNBUSDT,649.34,0.004
2026-03-25 16:45:47,BINANCE:BNBUSDT,649.34,0.009
2026-03-25 16:45:47,BINANCE:BNBUSDT,649.34,0.008
2026-03-25 16:45:47,BINANCE:BNBUSDT,649.34,2.979
2026-03-25 16:45:47,BINANCE:BNBUSDT,649.34,0.008
2026-03-25 16:45:47,BINANCE:BNBUSDT,649.34,0.009
2026-03-25 16:45:47,BINANCE:BNBUSDT,649.34,0.009
2026-03-25 16:45:47,BINANCE:BNBUSDT,649.34,0.009
2026-03-25 16:45:47,BINANCE:BNBUSDT,649.34,0.009
2026-03-25 16:45:47,BINANCE:BNBUSDT,649.34,0.008
2026-03-25 16:45:47,BINANCE:BNBUSDT,649.34,0.009
2026-03-25 16:45:47,BINANCE:BNBUSDT,649.34,0.009
2026-03-25 16:45:47,BINANCE:BNBUSDT,649.34,0.008
2026-03-25 16:45:47,BINANCE:BNBUSDT,649.34,0.008
2026-03-25 16:45:47,BINANCE:BNBUSDT,649.34,0.008
2026-03-25 16:45:47,BINANCE:BNBUSDT,649.34,0.009
2026-03-25 16:45:47,BINANCE:BNBUSDT,649.34,0.008
2026-03-25 16:45:47,BINANCE:BNBUSDT,649.34,0.009
2026-03-25 16:45:47,BINANCE:BNBUSDT,649.34,0.008
2026-03-25 16:45:47,BINANCE:BNBUSDT,649.34,0.008
2026-03-25 16:45:47,BINANCE:BNBUSDT,649.34,0.008
2026-03-25 16:45:47,BINANCE:BNBUSDT,649.34,0.008
2026-03-25 16:45:47,BINANCE:BNBUSDT,649.34,0.008
2026-03-25 16:45:47,BINANCE:BNBUSDT,649.34,0.008
2026-03-25 16:45:47,BINANCE:BNBUSDT,649.35,0.008
2026-03-25 16:45:47,BINANCE:BNBUSDT,649.35,0.007
2026-03-25 16:45:47,BINANCE:BNBUSDT,649.35,0.002
2026-03-25 16:45:47,BINANCE:BNBUSDT,649.35,0.008
2026-03-25 16:45:47,BINANCE:BNBUSDT,649.35,0.008
2026-03-25 16:45:47,BINANCE:BNBUSDT,649.35,0.008
2026-03-25 16:45:47,BINANCE:ETHUSDT,2180.2,0.028
2026-03-25 16:45:48,BINANCE:BNBUSDT,649.36,0.009
2026-03-25 16:45:48,BINANCE:BNBUSDT,649.36,0.009
2026-03-25 16:45:48,BINANCE:BNBUSDT,649.36,0.009
2026-03-25 16:45:48,BINANCE:BNBUSDT,649.36,0.009
2026-03-25 16:45:48,BINANCE:BNBUSDT,649.36,0.008
2026-03-25 16:45:48,BINANCE:BNBUSDT,649.36,0.008
2026-03-25 16:45:48,BINANCE:BNBUSDT,649.36,0.009
2026-03-25 16:45:48,BINANCE:BNBUSDT,649.36,0.009
2026-03-25 16:45:48,BINANCE:BNBUSDT,649.36,0.009
2026-03-25 16:45:48,BINANCE:BNBUSDT,649.36,0.008
2026-03-25 16:45:48,BINANCE:BNBUSDT,649.36,0.008
2026-03-25 16:45:48,BINANCE:BNBUSDT,649.36,0.008
2026-03-25 16:45:48,BINANCE:BNBUSDT,649.36,0.008
2026-03-25 16:45:48,BINANCE:BNBUSDT,649.36,0.008
2026-03-25 16:45:48,BINANCE:BNBUSDT,649.36,0.009
2026-03-25 16:45:48,BINANCE:BNBUSDT,649.36,0.008
2026-03-25 16:45:48,BINANCE:BNBUSDT,649.36,0.008
2026-03-25 16:45:48,BINANCE:BNBUSDT,649.36,0.009
2026-03-25 16:45:48,BINANCE:BNBUSDT,649.36,0.008
2026-03-25 16:45:48,BINANCE:BNBUSDT,649.36,0.008
2026-03-25 16:45:48,BINANCE:BNBUSDT,649.36,0.008
2026-03-25 16:45:48,BINANCE:BNBUSDT,649.36,0.008
2026-03-25 16:45:48,BINANCE:BNBUSDT,649.37,0.008
2026-03-25 16:45:48,BINANCE:BNBUSDT,649.37,0.009
2026-03-25 16:45:48,BINANCE:BNBUSDT,649.37,0.009
2026-03-25 16:45:48,BINANCE:BNBUSDT,649.37,0.009
2026-03-25 16:45:48,BINANCE:BNBUSDT,649.37,0.009
2026-03-25 16:45:48,BINANCE:BTCUSDT,71230.47,0.00167
2026-03-25 16:45:48,BINANCE:BTCUSDT,71230.47,0.03283
2026-03-25 16:45:48,BINANCE:BNBUSDT,649.38,0.009
2026-03-25 16:45:48,BINANCE:BNBUSDT,649.38,0.009
2026-03-25 16:45:48,BINANCE:BNBUSDT,649.38,0.009
2026-03-25 16:45:48,BINANCE:BNBUSDT,649.38,0.009
2026-03-25 16:45:48,BINANCE:BNBUSDT,649.38,2.964
2026-03-25 16:45:48,BINANCE:ETHUSDT,2180.21,0.0026
2026-03-25 16:45:48,BINANCE:BNBUSDT,649.38,0.008
2026-03-25 16:45:48,BINANCE:BNBUSDT,649.38,0.008
2026-03-25 16:45:49,BINANCE:BNBUSDT,649.37,0.018
2026-03-25 16:45:49,BINANCE:BNBUSDT,649.41,0.009
2026-03-25 16:45:49,BINANCE:BNBUSDT,649.41,0.009
2026-03-25 16:45:49,BINANCE:BNBUSDT,649.41,0.003
2026-03-25 16:45:49,BINANCE:BTCUSDT,71230.47,0.00056
2026-03-25 16:45:49,BINANCE:BNBUSDT,649.38,0.001
2026-03-25 16:45:49,BINANCE:BNBUSDT,649.38,0.009
2026-03-25 16:45:49,BINANCE:BNBUSDT,649.38,0.009
2026-03-25 16:45:49,BINANCE:BNBUSDT,649.38,0.008
2026-03-25 16:45:49,BINANCE:BNBUSDT,649.38,0.008
2026-03-25 16:45:49,BINANCE:BNBUSDT,649.38,0.008
2026-03-25 16:45:49,BINANCE:BNBUSDT,649.38,0.008
2026-03-25 16:45:49,BINANCE:BNBUSDT,649.38,0.008
2026-03-25 16:45:49,BINANCE:BNBUSDT,649.38,0.009
2026-03-25 16:45:49,BINANCE:BNBUSDT,649.38,0.009
2026-03-25 16:45:49,BINANCE:BNBUSDT,649.38,0.009
2026-03-25 16:45:49,BINANCE:BNBUSDT,649.38,0.009
2026-03-25 16:45:49,BINANCE:BNBUSDT,649.38,0.008
2026-03-25 16:45:49,BINANCE:BNBUSDT,649.38,0.009
2026-03-25 16:45:49,BINANCE:BNBUSDT,649.38,0.008
2026-03-25 16:45:49,BINANCE:BNBUSDT,649.39,0.012
2026-03-25 16:45:49,BINANCE:BNBUSDT,649.39,0.009
2026-03-25 16:45:49,BINANCE:BNBUSDT,649.39,0.009
2026-03-25 16:45:49,BINANCE:BNBUSDT,649.39,0.009
2026-03-25 16:45:49,BINANCE:BNBUSDT,649.39,0.009
2026-03-25 16:45:49,BINANCE:BNBUSDT,649.4,0.008
2026-03-25 16:45:49,BINANCE:BNBUSDT,649.4,0.009
2026-03-25 16:45:49,BINANCE:BNBUSDT,649.4,0.009
2026-03-25 16:45:49,BINANCE:BNBUSDT,649.4,0.009
2026-03-25 16:45:49,BINANCE:BNBUSDT,649.4,0.009
2026-03-25 16:45:49,BINANCE:BNBUSDT,649.4,0.009
2026-03-25 16:45:49,BINANCE:BNBUSDT,649.41,0.008
2026-03-25 16:45:49,BINANCE:BNBUSDT,649.41,0.008
2026-03-25 16:45:49,BINANCE:BNBUSDT,649.41,2.646
2026-03-25 16:45:49,BINANCE:BTCUSDT,71230.48,0.00015
2026-03-25 16:45:49,BINANCE:BTCUSDT,71230.47,0.05426
2026-03-25 16:45:49,BINANCE:BNBUSDT,649.41,0.006
2026-03-25 16:45:49,BINANCE:BNBUSDT,649.41,0.008
2026-03-25 16:45:49,BINANCE:BNBUSDT,649.41,0.009
2026-03-25 16:45:49,BINANCE:BNBUSDT,649.41,0.009
2026-03-25 16:45:49,BINANCE:BNBUSDT,649.41,0.009
2026-03-25 16:45:49,BINANCE:BNBUSDT,649.41,0.008
2026-03-25 16:45:49,BINANCE:BNBUSDT,649.41,1.512
2026-03-25 16:45:50,BINANCE:ETHUSDT,2180.2,3.9681
2026-03-25 16:45:50,BINANCE:ETHUSDT,2180.2,1.3961
2026-03-25 16:45:50,BINANCE:ETHUSDT,2180.2,1.3961
2026-03-25 16:45:50,BINANCE:ETHUSDT,2180.2,1.4986
2026-03-25 16:45:50,BINANCE:ETHUSDT,2180.2,0.0047
2026-03-25 16:45:50,BINANCE:ETHUSDT,2180.2,0.5907
2026-03-25 16:45:50,BINANCE:ETHUSDT,2180.2,0.8332
2026-03-25 16:45:50,BINANCE:BNBUSDT,649.41,0.32
2026-03-25 16:45:50,BINANCE:BNBUSDT,649.41,0.008
2026-03-25 16:45:50,BINANCE:BNBUSDT,649.41,0.05
2026-03-25 16:45:50,BINANCE:BTCUSDT,71230.47,0.11592
2026-03-25 16:45:50,BINANCE:BTCUSDT,71230.47,0.03987
2026-03-25 16:45:50,BINANCE:BTCUSDT,71230.47,8e-05
2026-03-25 16:45:50,BINANCE:BTCUSDT,71230.47,0.03059
2026-03-25 16:45:50,BINANCE:BNBUSDT,649.41,0.016
2026-03-25 16:45:50,BINANCE:BTCUSDT,71230.47,0.00015
2026-03-25 16:45:50,BINANCE:BTCUSDT,71230.47,0.00015
2026-03-25 16:45:50,BINANCE:BTCUSDT,71230.47,0.00015
2026-03-25 16:45:50,BINANCE:BTCUSDT,71230.47,0.01052
2026-03-25 16:45:50,BINANCE:BTCUSDT,71230.47,8e-05
2026-03-25 16:45:50,BINANCE:BTCUSDT,71230.47,0.00048
2026-03-25 16:45:50,BINANCE:BTCUSDT,71230.47,0.0007
2026-03-25 16:45:50,BINANCE:BTCUSDT,71230.47,1
2026-03-25 16:45:50,BINANCE:BTCUSDT,71230.47,0.00015
2026-03-25 16:45:50,BINANCE:BTCUSDT,71227.15,8e-05
2026-03-25 16:45:50,BINANCE:BTCUSDT,71230.47,0.00047
2026-03-25 16:45:50,BINANCE:BTCUSDT,71227.15,8e-05
2026-03-25 16:45:50,BINANCE:BTCUSDT,71230.47,0.00048
2026-03-25 16:45:50,BINANCE:BTCUSDT,71230.47,0.00191
2026-03-25 16:45:50,BINANCE:BTCUSDT,71227.15,8e-05
2026-03-25 16:45:50,BINANCE:BTCUSDT,71227.15,8e-05
2026-03-25 16:45:50,BINANCE:BTCUSDT,71227.15,8e-05
2026-03-25 16:45:50,BINANCE:BTCUSDT,71227.15,8e-05
2026-03-25 16:45:50,BINANCE:BTCUSDT,71227.15,8e-05
2026-03-25 16:45:50,BINANCE:BTCUSDT,71227.15,8e-05
2026-03-25 16:45:50,BINANCE:BTCUSDT,71227.15,8e-05
2026-03-25 16:45:50,BINANCE:BTCUSDT,71227.15,8e-05
2026-03-25 16:45:50,BINANCE:BTCUSDT,71227.15,0.00015
2026-03-25 16:45:50,BINANCE:BTCUSDT,71227.15,8e-05
2026-03-25 16:45:50,BINANCE:BTCUSDT,71227.15,8e-05
2026-03-25 16:45:50,BINANCE:BTCUSDT,71227.15,8e-05
2026-03-25 16:45:50,BINANCE:BTCUSDT,71227.15,8e-05
2026-03-25 16:45:50,BINANCE:BTCUSDT,71227.15,8e-05
2026-03-25 16:45:50,BINANCE:BTCUSDT,71227.15,8e-05
2026-03-25 16:45:50,BINANCE:BTCUSDT,71227.15,8e-05
2026-03-25 16:45:50,BINANCE:BTCUSDT,71227.15,8e-05
2026-03-25 16:45:50,BINANCE:BTCUSDT,71227.15,8e-05
2026-03-25 16:45:50,BINANCE:BTCUSDT,71227.15,8e-05
2026-03-25 16:45:50,BINANCE:BTCUSDT,71227.15,8e-05
2026-03-25 16:45:50,BINANCE:BTCUSDT,71227.15,8e-05
2026-03-25 16:45:50,BINANCE:BTCUSDT,71227.15,8e-05
2026-03-25 16:45:50,BINANCE:BTCUSDT,71230.47,8e-05
2026-03-25 16:45:50,BINANCE:BTCUSDT,71227.15,8e-05
2026-03-25 16:45:50,BINANCE:BTCUSDT,71230.47,0.16801
2026-03-25 16:45:50,BINANCE:BTCUSDT,71230.47,0.00015
2026-03-25 16:45:50,BINANCE:BTCUSDT,71230.47,8e-05
2026-03-25 16:45:50,BINANCE:BTCUSDT,71230.47,8e-05
2026-03-25 16:45:50,BINANCE:BTCUSDT,71227.15,8e-05
2026-03-25 16:45:50,BINANCE:BTCUSDT,71230.47,8e-05
2026-03-25 16:45:50,BINANCE:BTCUSDT,71230.47,8e-05
2026-03-25 16:45:50,BINANCE:BTCUSDT,71227.15,8e-05
2026-03-25 16:45:50,BINANCE:BTCUSDT,71230.47,8e-05
2026-03-25 16:45:50,BINANCE:BTCUSDT,71230.47,8e-05
2026-03-25 16:45:50,BINANCE:BTCUSDT,71230.47,8e-05
2026-03-25 16:45:50,BINANCE:BTCUSDT,71230.47,8e-05
2026-03-25 16:45:50,BINANCE:BTCUSDT,71227.14,8e-05
2026-03-25 16:45:50,BINANCE:BTCUSDT,71227.14,8e-05
2026-03-25 16:45:50,BINANCE:BTCUSDT,71230.47,8e-05
2026-03-25 16:45:50,BINANCE:BTCUSDT,71230.47,8e-05
2026-03-25 16:45:50,BINANCE:BTCUSDT,71230.47,8e-05
2026-03-25 16:45:50,BINANCE:BTCUSDT,71227.14,8e-05
2026-03-25 16:45:50,BINANCE:BTCUSDT,71230.47,8e-05
2026-03-25 16:45:50,BINANCE:BTCUSDT,71230.47,8e-05
2026-03-25 16:45:50,BINANCE:BTCUSDT,71227.14,8e-05
2026-03-25 16:45:50,BINANCE:BTCUSDT,71230.47,8e-05
2026-03-25 16:45:50,BINANCE:BTCUSDT,71230.47,8e-05
2026-03-25 16:45:50,BINANCE:BTCUSDT,71227.14,8e-05
2026-03-25 16:45:50,BINANCE:BTCUSDT,71230.47,8e-05
2026-03-25 16:45:50,BINANCE:BTCUSDT,71227.14,8e-05
2026-03-25 16:45:50,BINANCE:BTCUSDT,71230.46,8e-05
2026-03-25 16:45:50,BINANCE:BTCUSDT,71230.46,8e-05
2026-03-25 16:45:50,BINANCE:BTCUSDT,71230.46,8e-05
2026-03-25 16:45:50,BINANCE:BTCUSDT,71227.14,8e-05
2026-03-25 16:45:50,BINANCE:BTCUSDT,71230.46,8e-05
2026-03-25 16:45:50,BINANCE:BTCUSDT,71230.46,8e-05
2026-03-25 16:45:50,BINANCE:BTCUSDT,71227.14,8e-05
2026-03-25 16:45:50,BINANCE:BTCUSDT,71230.46,8e-05
2026-03-25 16:45:50,BINANCE:BTCUSDT,71230.46,8e-05
2026-03-25 16:45:50,BINANCE:BTCUSDT,71227.14,8e-05
2026-03-25 16:45:50,BINANCE:BTCUSDT,71230.46,8e-05
2026-03-25 16:45:50,BINANCE:BTCUSDT,71230.46,8e-05
2026-03-25 16:45:50,BINANCE:BTCUSDT,71230.46,8e-05
2026-03-25 16:45:50,BINANCE:BTCUSDT,71230.37,8e-05
2026-03-25 16:45:50,BINANCE:BTCUSDT,71230.37,8e-05
2026-03-25 16:45:50,BINANCE:BTCUSDT,71230.37,8e-05
2026-03-25 16:45:50,BINANCE:BTCUSDT,71230.37,8e-05
2026-03-25 16:45:50,BINANCE:BTCUSDT,71230.37,8e-05
2026-03-25 16:45:50,BINANCE:BNBUSDT,649.38,3.005
2026-03-25 16:45:50,BINANCE:BTCUSDT,71226.91,5e-05
2026-03-25 16:45:50,BINANCE:BTCUSDT,71226.91,3e-05
2026-03-25 16:45:50,BINANCE:BTCUSDT,71226.91,8e-05
2026-03-25 16:45:50,BINANCE:BTCUSDT,71226.91,8e-05
2026-03-25 16:45:50,BINANCE:BTCUSDT,71230.36,8e-05
2026-03-25 16:45:50,BINANCE:BTCUSDT,71226.91,8e-05
2026-03-25 16:45:50,BINANCE:BTCUSDT,71230.36,8e-05
2026-03-25 16:45:50,BINANCE:BTCUSDT,71230.35,8e-05
2026-03-25 16:45:50,BINANCE:BTCUSDT,71226.91,8e-05
2026-03-25 16:45:50,BINANCE:BTCUSDT,71230.35,8e-05
2026-03-25 16:45:50,BINANCE:BTCUSDT,71226.91,8e-05
2026-03-25 16:45:50,BINANCE:BTCUSDT,71230.35,8e-05
2026-03-25 16:45:50,BINANCE:BTCUSDT,71230.35,8e-05
2026-03-25 16:45:50,BINANCE:BTCUSDT,71230.35,8e-05
2026-03-25 16:45:50,BINANCE:BTCUSDT,71230.35,8e-05
2026-03-25 16:45:50,BINANCE:BTCUSDT,71230.35,8e-05
2026-03-25 16:45:50,BINANCE:BTCUSDT,71230.35,8e-05
2026-03-25 16:45:50,BINANCE:BTCUSDT,71230.35,8e-05
2026-03-25 16:45:50,BINANCE:BTCUSDT,71230.35,8e-05
2026-03-25 16:45:50,BINANCE:BTCUSDT,71226.91,8e-05
2026-03-25 16:45:50,BINANCE:BTCUSDT,71226.91,8e-05
2026-03-25 16:45:50,BINANCE:BTCUSDT,71226.91,8e-05
2026-03-25 16:45:50,BINANCE:BTCUSDT,71226.91,8e-05
2026-03-25 16:45:50,BINANCE:BTCUSDT,71226.91,8e-05
2026-03-25 16:45:50,BINANCE:BTCUSDT,71226.91,8e-05
2026-03-25 16:45:50,BINANCE:BTCUSDT,71226.91,8e-05
2026-03-25 16:45:50,BINANCE:BTCUSDT,71226.91,8e-05
2026-03-25 16:45:50,BINANCE:BTCUSDT,71226.91,8e-05
2026-03-25 16:45:50,BINANCE:BTCUSDT,71226.91,8e-05
2026-03-25 16:45:50,BINANCE:BTCUSDT,71226.91,0.00015
2026-03-25 16:45:50,BINANCE:BTCUSDT,71226.91,8e-05
2026-03-25 16:45:50,BINANCE:BTCUSDT,71226.91,8e-05
2026-03-25 16:45:50,BINANCE:BTCUSDT,71226.91,8e-05
2026-03-25 16:45:50,BINANCE:BTCUSDT,71226.9,8e-05
2026-03-25 16:45:50,BINANCE:BTCUSDT,71226.9,8e-05
2026-03-25 16:45:50,BINANCE:BTCUSDT,71226.9,8e-05
2026-03-25 16:45:50,BINANCE:BTCUSDT,71229.75,8e-05
2026-03-25 16:45:50,BINANCE:BTCUSDT,71226.9,8e-05
2026-03-25 16:45:50,BINANCE:BTCUSDT,71229.75,6e-05
2026-03-25 16:45:50,BINANCE:BTCUSDT,71226.9,8e-05
2026-03-25 16:45:50,BINANCE:BTCUSDT,71229.75,2e-05
2026-03-25 16:45:50,BINANCE:BTCUSDT,71226.9,8e-05
2026-03-25 16:45:50,BINANCE:BTCUSDT,71226.9,8e-05
2026-03-25 16:45:50,BINANCE:BTCUSDT,71229.75,8e-05
2026-03-25 16:45:50,BINANCE:BTCUSDT,71226.9,8e-05
2026-03-25 16:45:50,BINANCE:BTCUSDT,71229.75,4e-05
2026-03-25 16:45:50,BINANCE:BTCUSDT,71226.9,8e-05
2026-03-25 16:45:50,BINANCE:BTCUSDT,71226.5,8e-05
2026-03-25 16:45:50,BINANCE:BTCUSDT,71226.5,8e-05
2026-03-25 16:45:50,BINANCE:BTCUSDT,71225.59,8e-05
2026-03-25 16:45:50,BINANCE:BTCUSDT,71225.59,8e-05
2026-03-25 16:45:50,BINANCE:BTCUSDT,71225.59,8e-05
2026-03-25 16:45:50,BINANCE:BTCUSDT,71225.59,8e-05
2026-03-25 16:45:50,BINANCE:BTCUSDT,71225.59,8e-05
2026-03-25 16:45:50,BINANCE:BTCUSDT,71225.58,8e-05
2026-03-25 16:45:50,BINANCE:BTCUSDT,71225.58,8e-05
2026-03-25 16:45:50,BINANCE:BTCUSDT,71225.58,8e-05
2026-03-25 16:45:50,BINANCE:BTCUSDT,71225.58,8e-05
2026-03-25 16:45:50,BINANCE:BTCUSDT,71225.58,8e-05
2026-03-25 16:45:50,BINANCE:BTCUSDT,71225.48,0.003
2026-03-25 16:45:50,BINANCE:BTCUSDT,71224.81,8e-05
2026-03-25 16:45:50,BINANCE:BTCUSDT,71224.19,8e-05
2026-03-25 16:45:50,BINANCE:BTCUSDT,71224.18,8e-05
2026-03-25 16:45:50,BINANCE:BTCUSDT,71223.37,8e-05
2026-03-25 16:45:50,BINANCE:BTCUSDT,71223.37,8e-05
2026-03-25 16:45:50,BINANCE:BTCUSDT,71229.75,4e-05
2026-03-25 16:45:50,BINANCE:BNBUSDT,649.4,4.617
2026-03-25 16:45:50,BINANCE:BTCUSDT,71229.75,8e-05
2026-03-25 16:45:50,BINANCE:BTCUSDT,71223.37,0.04207
2026-03-25 16:45:50,BINANCE:BTCUSDT,71229.75,8e-05
2026-03-25 16:45:50,BINANCE:BNBUSDT,649.4,1.079
2026-03-25 16:45:50,BINANCE:BTCUSDT,71229.75,8e-05
2026-03-25 16:45:50,BINANCE:BNBUSDT,649.4,0.008
2026-03-25 16:45:50,BINANCE:BTCUSDT,71229.75,8e-05
2026-03-25 16:45:50,BINANCE:BNBUSDT,649.4,0.009
2026-03-25 16:45:50,BINANCE:BTCUSDT,71229.75,8e-05
2026-03-25 16:45:50,BINANCE:BNBUSDT,649.4,0.009
2026-03-25 16:45:50,BINANCE:BTCUSDT,71229.75,0.00015
2026-03-25 16:45:50,BINANCE:BNBUSDT,649.4,0.01
2026-03-25 16:45:50,BINANCE:BTCUSDT,71229.75,8e-05
2026-03-25 16:45:50,BINANCE:BTCUSDT,71229.75,8e-05
2026-03-25 16:45:50,BINANCE:BNBUSDT,649.4,0.008
2026-03-25 16:45:50,BINANCE:BTCUSDT,71229.75,8e-05
2026-03-25 16:45:50,BINANCE:BNBUSDT,649.4,0.008
2026-03-25 16:45:50,BINANCE:BTCUSDT,71229.75,8e-05
2026-03-25 16:45:50,BINANCE:BNBUSDT,649.4,0.008
2026-03-25 16:45:50,BINANCE:BTCUSDT,71229.75,8e-05
2026-03-25 16:45:50,BINANCE:BNBUSDT,649.4,0.008
2026-03-25 16:45:50,BINANCE:BTCUSDT,71229.75,8e-05
2026-03-25 16:45:50,BINANCE:BNBUSDT,649.4,0.009
2026-03-25 16:45:50,BINANCE:BTCUSDT,71229.75,8e-05
2026-03-25 16:45:50,BINANCE:BNBUSDT,649.4,0.008
2026-03-25 16:45:50,BINANCE:BNBUSDT,649.4,0.008
2026-03-25 16:45:50,BINANCE:BTCUSDT,71229.75,8e-05
2026-03-25 16:45:50,BINANCE:BNBUSDT,649.4,0.008
2026-03-25 16:45:50,BINANCE:BTCUSDT,71229.75,8e-05
2026-03-25 16:45:50,BINANCE:BNBUSDT,649.39,0.009
2026-03-25 16:45:50,BINANCE:BTCUSDT,71229.75,8e-05
2026-03-25 16:45:50,BINANCE:BNBUSDT,649.38,0.008
2026-03-25 16:45:50,BINANCE:BTCUSDT,71229.74,8e-05
2026-03-25 16:45:50,BINANCE:BTCUSDT,71229.74,6e-05
2026-03-25 16:45:50,BINANCE:BNBUSDT,649.38,0.009
2026-03-25 16:45:50,BINANCE:BTCUSDT,71229.74,2e-05
2026-03-25 16:45:50,BINANCE:BNBUSDT,649.37,0.771
2026-03-25 16:45:50,BINANCE:BTCUSDT,71229.74,8e-05
2026-03-25 16:45:50,BINANCE:BTCUSDT,71223.37,0.01801
2026-03-25 16:45:50,BINANCE:BTCUSDT,71229.74,0.00015
2026-03-25 16:45:50,BINANCE:BTCUSDT,71229.74,8e-05
2026-03-25 16:45:50,BINANCE:BTCUSDT,71229.74,8e-05
2026-03-25 16:45:50,BINANCE:BTCUSDT,71229.58,8e-05
2026-03-25 16:45:50,BINANCE:BTCUSDT,71229.57,0.00014
2026-03-25 16:45:50,BINANCE:BTCUSDT,71229.57,0.00169
2026-03-25 16:45:50,BINANCE:BTCUSDT,71229.57,0.00172
2026-03-25 16:45:50,BINANCE:BTCUSDT,71229.57,0.00171
2026-03-25 16:45:50,BINANCE:BTCUSDT,71229.57,0.00154
2026-03-25 16:45:50,BINANCE:BTCUSDT,71229.57,0.00372
2026-03-25 16:45:50,BINANCE:BTCUSDT,71229.57,8e-05
2026-03-25 16:45:50,BINANCE:BTCUSDT,71229.57,8e-05
2026-03-25 16:45:50,BINANCE:BTCUSDT,71229.57,8e-05
2026-03-25 16:45:50,BINANCE:BTCUSDT,71229.57,8e-05
2026-03-25 16:45:50,BINANCE:BTCUSDT,71229.57,8e-05
2026-03-25 16:45:50,BINANCE:BTCUSDT,71229.57,8e-05
2026-03-25 16:45:50,BINANCE:BTCUSDT,71229.57,8e-05
2026-03-25 16:45:50,BINANCE:BTCUSDT,71229.57,8e-05
2026-03-25 16:45:50,BINANCE:BTCUSDT,71229.57,8e-05
2026-03-25 16:45:50,BINANCE:BTCUSDT,71229.57,0.00015
2026-03-25 16:45:50,BINANCE:BTCUSDT,71229.57,8e-05
2026-03-25 16:45:50,BINANCE:BTCUSDT,71229.57,8e-05
2026-03-25 16:45:50,BINANCE:BTCUSDT,71229.57,8e-05
2026-03-25 16:45:50,BINANCE:BTCUSDT,71229.57,8e-05
2026-03-25 16:45:50,BINANCE:BTCUSDT,71229.57,8e-05
2026-03-25 16:45:50,BINANCE:BTCUSDT,71229.57,8e-05
2026-03-25 16:45:50,BINANCE:BTCUSDT,71229.57,8e-05
2026-03-25 16:45:50,BINANCE:BTCUSDT,71229.57,8e-05
2026-03-25 16:45:50,BINANCE:BTCUSDT,71229.57,8e-05
2026-03-25 16:45:50,BINANCE:BTCUSDT,71229.56,8e-05
2026-03-25 16:45:50,BINANCE:BTCUSDT,71229.56,8e-05
2026-03-25 16:45:50,BINANCE:BTCUSDT,71229.56,8e-05
2026-03-25 16:45:50,BINANCE:BTCUSDT,71229.56,8e-05
2026-03-25 16:45:50,BINANCE:BTCUSDT,71229.56,8e-05
2026-03-25 16:45:50,BINANCE:BTCUSDT,71229.56,8e-05
2026-03-25 16:45:50,BINANCE:BTCUSDT,71228.34,8e-05
2026-03-25 16:45:50,BINANCE:BTCUSDT,71227.18,8e-05
2026-03-25 16:45:50,BINANCE:BTCUSDT,71227.17,8e-05
2026-03-25 16:45:50,BINANCE:BTCUSDT,71227.17,8e-05
2026-03-25 16:45:50,BINANCE:BTCUSDT,71227.16,8e-05
2026-03-25 16:45:50,BINANCE:BNBUSDT,649.41,1
2026-03-25 16:45:51,BINANCE:ETHUSDT,2180.2,0.0023
2026-03-25 16:45:51,BINANCE:ETHUSDT,2180.2,0.0047
2026-03-25 16:45:51,BINANCE:ETHUSDT,2180.2,0.0047
2026-03-25 16:45:51,BINANCE:ETHUSDT,2180.2,0.0023
2026-03-25 16:45:51,BINANCE:ETHUSDT,2180.2,0.2308
2026-03-25 16:45:51,BINANCE:ETHUSDT,2180.2,0.0025
2026-03-25 16:45:51,BINANCE:ETHUSDT,2180.2,0.0023
2026-03-25 16:45:51,BINANCE:ETHUSDT,2180.2,0.0024
2026-03-25 16:45:51,BINANCE:ETHUSDT,2180.2,0.0115
2026-03-25 16:45:51,BINANCE:ETHUSDT,2180.2,0.0023
2026-03-25 16:45:51,BINANCE:ETHUSDT,2180.2,0.0023
2026-03-25 16:45:51,BINANCE:ETHUSDT,2180.2,0.0023
2026-03-25 16:45:51,BINANCE:ETHUSDT,2180.2,0.0023
2026-03-25 16:45:51,BINANCE:ETHUSDT,2180.2,0.0023
2026-03-25 16:45:51,BINANCE:ETHUSDT,2180.2,0.0023
2026-03-25 16:45:51,BINANCE:ETHUSDT,2180.2,0.0023
2026-03-25 16:45:51,BINANCE:ETHUSDT,2180.2,0.0023
2026-03-25 16:45:51,BINANCE:ETHUSDT,2180.2,0.0023
2026-03-25 16:45:51,BINANCE:ETHUSDT,2180.2,0.0023
2026-03-25 16:45:51,BINANCE:ETHUSDT,2180.2,0.0023
2026-03-25 16:45:51,BINANCE:ETHUSDT,2180.2,0.0023
2026-03-25 16:45:51,BINANCE:ETHUSDT,2180.19,0.0096
2026-03-25 16:45:51,BINANCE:ETHUSDT,2180.19,0.0025
2026-03-25 16:45:51,BINANCE:ETHUSDT,2180.19,0.0023
2026-03-25 16:45:51,BINANCE:ETHUSDT,2180.19,0.0023
2026-03-25 16:45:51,BINANCE:BTCUSDT,71223.37,0.00158
2026-03-25 16:45:51,BINANCE:BNBUSDT,649.38,0.201
2026-03-25 16:45:51,BINANCE:BNBUSDT,649.38,1.648
2026-03-25 16:45:51,BINANCE:BNBUSDT,649.38,1.731
2026-03-25 16:45:54,BINANCE:BTCUSDT,71223.37,0.0014
2026-03-25 16:45:54,BINANCE:BNBUSDT,649.37,0.031
2026-03-25 16:45:54,BINANCE:BNBUSDT,649.37,0.015
2026-03-25 16:45:53,BINANCE:BNBUSDT,649.37,0.008
2026-03-25 16:45:53,BINANCE:BNBUSDT,649.37,0.009
2026-03-25 16:45:53,BINANCE:BNBUSDT,649.37,0.009
2026-03-25 16:45:53,BINANCE:BNBUSDT,649.37,0.008
2026-03-25 16:45:53,BINANCE:BNBUSDT,649.37,0.126
2026-03-25 16:45:53,BINANCE:BNBUSDT,649.37,0.112
2026-03-25 16:45:54,BINANCE:BTCUSDT,71223.37,0.07059
2026-03-25 16:45:53,BINANCE:BNBUSDT,649.38,0.022
2026-03-25 16:45:54,BINANCE:BNBUSDT,649.38,0.203
2026-03-25 16:45:53,BINANCE:BNBUSDT,649.37,0.023
2026-03-25 16:45:53,BINANCE:BNBUSDT,649.37,0.045
2026-03-25 16:45:54,BINANCE:ETHUSDT,2180.18,2.064
2026-03-25 16:45:55,BINANCE:BTCUSDT,71223.37,0.00019
2026-03-25 16:45:55,BINANCE:BTCUSDT,71223.36,0.01958
2026-03-25 16:45:55,BINANCE:BTCUSDT,71223.36,0.01519
2026-03-25 16:45:55,BINANCE:BTCUSDT,71223.36,0.00072
2026-03-25 16:45:55,BINANCE:BTCUSDT,71223.37,0.00051
2026-03-25 16:45:56,BINANCE:BTCUSDT,71223.37,0.00014
2026-03-25 16:45:56,BINANCE:BNBUSDT,649.38,0.007
2026-03-25 16:45:56,BINANCE:BNBUSDT,649.38,0.3
2026-03-25 16:45:56,BINANCE:BTCUSDT,71223.36,0.14521
2026-03-25 16:45:56,BINANCE:BTCUSDT,71223.36,8e-05
2026-03-25 16:45:56,BINANCE:BTCUSDT,71223.36,8e-05
2026-03-25 16:45:56,BINANCE:BTCUSDT,71223.36,8e-05
2026-03-25 16:45:56,BINANCE:BTCUSDT,71223.36,8e-05
2026-03-25 16:45:56,BINANCE:BTCUSDT,71223.36,8e-05
2026-03-25 16:45:56,BINANCE:BTCUSDT,71223.36,0.11289
2026-03-25 16:45:56,BINANCE:BTCUSDT,71223.36,8e-05
2026-03-25 16:45:56,BINANCE:BTCUSDT,71223.36,8e-05
2026-03-25 16:45:56,BINANCE:BTCUSDT,71223.36,8e-05
2026-03-25 16:45:56,BINANCE:BTCUSDT,71223.36,8e-05
2026-03-25 16:45:56,BINANCE:BTCUSDT,71223.36,8e-05
2026-03-25 16:45:56,BINANCE:BTCUSDT,71223.36,8e-05
2026-03-25 16:45:56,BINANCE:BTCUSDT,71223.36,8e-05
2026-03-25 16:45:56,BINANCE:BTCUSDT,71223.36,0.33099
2026-03-25 16:45:56,BINANCE:BTCUSDT,71223.36,8e-05
2026-03-25 16:45:56,BINANCE:BTCUSDT,71223.36,8e-05
2026-03-25 16:45:56,BINANCE:BTCUSDT,71223.36,8e-05
2026-03-25 16:45:56,BINANCE:BTCUSDT,71223.36,0.01404
2026-03-25 16:45:56,BINANCE:BTCUSDT,71223.36,8e-05
2026-03-25 16:45:56,BINANCE:BTCUSDT,71223.36,8e-05
2026-03-25 16:45:56,BINANCE:BTCUSDT,71223.36,8e-05
2026-03-25 16:45:56,BINANCE:BTCUSDT,71223.36,0.08952
2026-03-25 16:45:56,BINANCE:BTCUSDT,71223.36,0.0008
2026-03-25 16:45:56,BINANCE:BTCUSDT,71223.36,8e-05
2026-03-25 16:45:56,BINANCE:BTCUSDT,71223.36,8e-05
2026-03-25 16:45:56,BINANCE:BTCUSDT,71223.36,8e-05
2026-03-25 16:45:56,BINANCE:BTCUSDT,71223.36,8e-05
2026-03-25 16:45:56,BINANCE:BTCUSDT,71223.36,8e-05
2026-03-25 16:45:56,BINANCE:BTCUSDT,71223.35,8e-05
2026-03-25 16:45:56,BINANCE:BTCUSDT,71223.35,8e-05
2026-03-25 16:45:56,BINANCE:BTCUSDT,71223.35,8e-05
2026-03-25 16:45:56,BINANCE:BTCUSDT,71223.35,8e-05
2026-03-25 16:45:56,BINANCE:BTCUSDT,71223.35,8e-05
2026-03-25 16:45:56,BINANCE:BTCUSDT,71223.35,8e-05
2026-03-25 16:45:56,BINANCE:BTCUSDT,71223.35,8e-05
2026-03-25 16:45:56,BINANCE:BTCUSDT,71223.35,8e-05
2026-03-25 16:45:56,BINANCE:BTCUSDT,71223.35,8e-05
2026-03-25 16:45:56,BINANCE:BTCUSDT,71223.35,8e-05
2026-03-25 16:45:56,BINANCE:ETHUSDT,2180.17,0.0458
2026-03-25 16:45:56,BINANCE:BTCUSDT,71222.21,8e-05
2026-03-25 16:45:56,BINANCE:BTCUSDT,71222.21,8e-05
2026-03-25 16:45:56,BINANCE:BTCUSDT,71222.2,8e-05
2026-03-25 16:45:56,BINANCE:BTCUSDT,71222.2,8e-05
2026-03-25 16:45:56,BINANCE:BTCUSDT,71222.2,8e-05
2026-03-25 16:45:56,BINANCE:BTCUSDT,71222.2,8e-05
2026-03-25 16:45:56,BINANCE:BTCUSDT,71222.2,8e-05
2026-03-25 16:45:56,BINANCE:BTCUSDT,71222.2,8e-05
2026-03-25 16:45:56,BINANCE:BTCUSDT,71222.2,8e-05
2026-03-25 16:45:56,BINANCE:BTCUSDT,71222.2,8e-05
2026-03-25 16:45:56,BINANCE:BTCUSDT,71222.2,8e-05
2026-03-25 16:45:56,BINANCE:BTCUSDT,71222.2,8e-05
2026-03-25 16:45:56,BINANCE:BTCUSDT,71222.19,0.01904
2026-03-25 16:45:56,BINANCE:BTCUSDT,71222.19,0.01
2026-03-25 16:45:56,BINANCE:BTCUSDT,71222.19,0.04
2026-03-25 16:45:56,BINANCE:BTCUSDT,71222.19,0.08
2026-03-25 16:45:56,BINANCE:ETHUSDT,2180.17,0.0458
2026-03-25 16:45:56,BINANCE:BNBUSDT,649.37,0.388
2026-03-25 16:45:56,BINANCE:BTCUSDT,71222.19,0.00795
2026-03-25 16:45:56,BINANCE:BTCUSDT,71222.19,0.22295
2026-03-25 16:45:56,BINANCE:BTCUSDT,71222.19,0.00687
2026-03-25 16:45:56,BINANCE:BTCUSDT,71222.19,0.00196
2026-03-25 16:45:56,BINANCE:BTCUSDT,71222.19,0.00416
2026-03-25 16:45:56,BINANCE:BTCUSDT,71222.19,0.00702
2026-03-25 16:45:56,BINANCE:BTCUSDT,71222.19,0.0402
2026-03-25 16:45:56,BINANCE:BTCUSDT,71222.19,0.36453
2026-03-25 16:45:56,BINANCE:BTCUSDT,71222.19,0.01999
2026-03-25 16:45:56,BINANCE:BTCUSDT,71222.19,0.14514
2026-03-25 16:45:56,BINANCE:BTCUSDT,71222.19,0.03102
2026-03-25 16:45:56,BINANCE:BTCUSDT,71222.19,8e-05
2026-03-25 16:45:56,BINANCE:BTCUSDT,71222.19,8e-05
2026-03-25 16:45:56,BINANCE:BTCUSDT,71222.19,8e-05
2026-03-25 16:45:56,BINANCE:BTCUSDT,71222.19,8e-05
2026-03-25 16:45:56,BINANCE:BTCUSDT,71222.19,8e-05
2026-03-25 16:45:56,BINANCE:BTCUSDT,71222.19,8e-05
2026-03-25 16:45:56,BINANCE:BTCUSDT,71222.19,8e-05
2026-03-25 16:45:56,BINANCE:BTCUSDT,71222.19,8e-05
2026-03-25 16:45:56,BINANCE:BTCUSDT,71222.19,8e-05
2026-03-25 16:45:56,BINANCE:BTCUSDT,71222.19,8e-05
2026-03-25 16:45:56,BINANCE:BTCUSDT,71222.19,8e-05
2026-03-25 16:45:56,BINANCE:BTCUSDT,71222.19,8e-05
2026-03-25 16:45:56,BINANCE:BTCUSDT,71222.19,8e-05
2026-03-25 16:45:56,BINANCE:BTCUSDT,71222.19,0.00015
2026-03-25 16:45:56,BINANCE:BTCUSDT,71222.19,8e-05
2026-03-25 16:45:56,BINANCE:BTCUSDT,71222.19,8e-05
2026-03-25 16:45:56,BINANCE:BTCUSDT,71222.19,8e-05
2026-03-25 16:45:56,BINANCE:BTCUSDT,71222.19,8e-05
2026-03-25 16:45:56,BINANCE:BTCUSDT,71222.19,8e-05
2026-03-25 16:45:56,BINANCE:BNBUSDT,649.37,0.106
2026-03-25 16:45:56,BINANCE:BNBUSDT,649.37,0.027
2026-03-25 16:45:56,BINANCE:BNBUSDT,649.37,0.009
2026-03-25 16:45:56,BINANCE:BNBUSDT,649.37,0.008
2026-03-25 16:45:56,BINANCE:BNBUSDT,649.37,0.008
2026-03-25 16:45:56,BINANCE:BNBUSDT,649.36,0.009
2026-03-25 16:45:56,BINANCE:BNBUSDT,649.36,0.009
2026-03-25 16:45:56,BINANCE:BNBUSDT,649.36,0.009
2026-03-25 16:45:56,BINANCE:BNBUSDT,649.36,0.009
2026-03-25 16:45:56,BINANCE:BNBUSDT,649.35,0.008
2026-03-25 16:45:56,BINANCE:BNBUSDT,649.35,0.009
2026-03-25 16:45:56,BINANCE:BNBUSDT,649.34,0.008
2026-03-25 16:45:56,BINANCE:BNBUSDT,649.34,0.686
2026-03-25 16:45:56,BINANCE:BNBUSDT,649.34,0.008
2026-03-25 16:45:56,BINANCE:BNBUSDT,649.34,0.009
2026-03-25 16:45:56,BINANCE:BNBUSDT,649.34,0.009
2026-03-25 16:45:56,BINANCE:BNBUSDT,649.34,0.009
2026-03-25 16:45:56,BINANCE:BNBUSDT,649.34,0.001
2026-03-25 16:45:56,BINANCE:BNBUSDT,649.34,0.02
2026-03-25 16:45:56,BINANCE:BNBUSDT,649.35,0.007
2026-03-25 16:45:56,BINANCE:BNBUSDT,649.34,0.041
2026-03-25 16:45:56,BINANCE:BNBUSDT,649.34,0.019
2026-03-25 16:45:56,BINANCE:BNBUSDT,649.34,0.036
2026-03-25 16:45:56,BINANCE:BNBUSDT,649.34,0.023
2026-03-25 16:45:56,BINANCE:BNBUSDT,649.34,0.078
2026-03-25 16:45:56,BINANCE:BNBUSDT,649.34,0.008
2026-03-25 16:45:56,BINANCE:BNBUSDT,649.34,0.009
2026-03-25 16:45:56,BINANCE:BNBUSDT,649.34,0.004
2026-03-25 16:45:56,BINANCE:BNBUSDT,649.35,3
2026-03-25 16:45:56,BINANCE:BTCUSDT,71222.19,8e-05
2026-03-25 16:45:56,BINANCE:BTCUSDT,71222.19,8e-05
2026-03-25 16:45:56,BINANCE:BTCUSDT,71222.19,0.00015
2026-03-25 16:45:56,BINANCE:BTCUSDT,71222.19,8e-05
2026-03-25 16:45:56,BINANCE:BTCUSDT,71222.19,1e-05
2026-03-25 16:45:56,BINANCE:BTCUSDT,71222.19,7e-05
2026-03-25 16:45:56,BINANCE:BTCUSDT,71222.19,8e-05
2026-03-25 16:45:56,BINANCE:BTCUSDT,71222.19,8e-05
2026-03-25 16:45:56,BINANCE:BTCUSDT,71222.19,0.00015
2026-03-25 16:45:56,BINANCE:BTCUSDT,71222.19,0.00015
2026-03-25 16:45:56,BINANCE:BTCUSDT,71222.19,8e-05
2026-03-25 16:45:56,BINANCE:BTCUSDT,71222.19,8e-05
2026-03-25 16:45:57,BINANCE:BNBUSDT,649.34,0.144
2026-03-25 16:45:56,BINANCE:BTCUSDT,71222.19,8e-05
2026-03-25 16:45:56,BINANCE:BTCUSDT,71222.19,0.00223
2026-03-25 16:45:57,BINANCE:BNBUSDT,649.34,0.099
2026-03-25 16:45:57,BINANCE:BNBUSDT,649.34,0.038
2026-03-25 16:45:57,BINANCE:BNBUSDT,649.34,0.005
2026-03-25 16:45:57,BINANCE:BNBUSDT,649.34,0.008
2026-03-25 16:45:57,BINANCE:BNBUSDT,649.34,0.009
2026-03-25 16:45:57,BINANCE:BNBUSDT,649.34,0.381
2026-03-25 16:45:57,BINANCE:ETHUSDT,2180.18,0.0673
2026-03-25 16:45:57,BINANCE:BNBUSDT,649.34,0.018
2026-03-25 16:45:57,BINANCE:BNBUSDT,649.34,0.05
2026-03-25 16:45:57,BINANCE:BNBUSDT,649.34,0.039
2026-03-25 16:45:57,BINANCE:BNBUSDT,649.35,0.007
2026-03-25 16:45:57,BINANCE:BNBUSDT,649.34,0.069
2026-03-25 16:45:57,BINANCE:BTCUSDT,71222.19,0.0015
2026-03-25 16:45:57,BINANCE:BNBUSDT,649.34,0.045
2026-03-25 16:45:57,BINANCE:BNBUSDT,649.34,0.018
2026-03-25 16:45:57,BINANCE:BTCUSDT,71222.2,0.00014
2026-03-25 16:45:57,BINANCE:BTCUSDT,71222.19,0.0022
2026-03-25 16:45:57,BINANCE:BTCUSDT,71222.19,0.00123
2026-03-25 16:45:58,BINANCE:BTCUSDT,71222.19,0.021
2026-03-25 16:45:58,BINANCE:BTCUSDT,71222.19,0.0002
2026-03-25 16:45:57,BINANCE:ETHUSDT,2180.18,0.0092
2026-03-25 16:45:57,BINANCE:ETHUSDT,2180.18,0.072
2026-03-25 16:45:57,BINANCE:BNBUSDT,649.35,0.235
2026-03-25 16:45:58,BINANCE:BNBUSDT,649.34,0.009
2026-03-25 16:45:58,BINANCE:BNBUSDT,649.34,0.008
2026-03-25 16:45:58,BINANCE:BNBUSDT,649.34,0.009
2026-03-25 16:45:58,BINANCE:BNBUSDT,649.34,0.427
2026-03-25 16:45:58,BINANCE:BNBUSDT,649.34,0.016
2026-03-25 16:45:58,BINANCE:BNBUSDT,649.34,0.017
2026-03-25 16:45:58,BINANCE:BTCUSDT,71222.19,8e-05
2026-03-25 16:45:58,BINANCE:BTCUSDT,71222.19,8e-05
2026-03-25 16:45:58,BINANCE:BTCUSDT,71222.19,8e-05
2026-03-25 16:45:58,BINANCE:BTCUSDT,71222.19,8e-05
2026-03-25 16:45:58,BINANCE:BTCUSDT,71222.19,0.00059
2026-03-25 16:45:58,BINANCE:BNBUSDT,649.34,0.02
2026-03-25 16:45:58,BINANCE:BNBUSDT,649.34,0.055
2026-03-25 16:45:58,BINANCE:BTCUSDT,71222.19,0.00071
2026-03-25 16:45:58,BINANCE:BTCUSDT,71222.19,8e-05
2026-03-25 16:45:58,BINANCE:BTCUSDT,71222.19,8e-05
2026-03-25 16:45:58,BINANCE:BTCUSDT,71222.19,8e-05
2026-03-25 16:45:58,BINANCE:BTCUSDT,71222.19,8e-05
2026-03-25 16:45:58,BINANCE:BTCUSDT,71222.19,8e-05
2026-03-25 16:45:58,BINANCE:BTCUSDT,71222.19,8e-05
2026-03-25 16:45:58,BINANCE:BTCUSDT,71222.19,8e-05
2026-03-25 16:45:58,BINANCE:BTCUSDT,71222.19,8e-05
2026-03-25 16:45:58,BINANCE:BTCUSDT,71222.19,0.00015
2026-03-25 16:45:58,BINANCE:BTCUSDT,71222.19,8e-05
2026-03-25 16:45:58,BINANCE:BTCUSDT,71222.19,8e-05
2026-03-25 16:45:58,BINANCE:BTCUSDT,71222.19,8e-05
2026-03-25 16:45:58,BINANCE:BTCUSDT,71222.19,8e-05
2026-03-25 16:45:58,BINANCE:BTCUSDT,71222.19,8e-05
2026-03-25 16:45:58,BINANCE:BTCUSDT,71222.19,0.05461
2026-03-25 16:45:58,BINANCE:BTCUSDT,71222.19,0.01439
2026-03-25 16:45:58,BINANCE:BNBUSDT,649.34,0.04
2026-03-25 16:45:58,BINANCE:BTCUSDT,71222.19,0.033
2026-03-25 16:45:58,BINANCE:BNBUSDT,649.34,0.055
2026-03-25 16:45:58,BINANCE:BTCUSDT,71222.19,0.0001
2026-03-25 16:45:58,BINANCE:BNBUSDT,649.35,0.007
2026-03-25 16:45:58,BINANCE:BNBUSDT,649.34,0.019
2026-03-25 16:45:58,BINANCE:BNBUSDT,649.34,0.087
2026-03-25 16:45:58,BINANCE:BTCUSDT,71222.19,0.0007
2026-03-25 16:45:58,BINANCE:BNBUSDT,649.34,0.049
2026-03-25 16:45:58,BINANCE:BTCUSDT,71222.19,0.0014
2026-03-25 16:45:58,BINANCE:BTCUSDT,71222.19,0.00014
2026-03-25 16:45:58,BINANCE:BTCUSDT,71222.19,0.0001
2026-03-25 16:45:58,BINANCE:BTCUSDT,71222.2,0.04632
2026-03-25 16:45:58,BINANCE:BTCUSDT,71222.19,0.0003
2026-03-25 16:45:58,BINANCE:BTCUSDT,71222.2,0.04987
2026-03-25 16:45:58,BINANCE:BTCUSDT,71222.19,0.0001
2026-03-25 16:45:58,BINANCE:BTCUSDT,71222.2,0.02736
2026-03-25 16:45:58,BINANCE:BTCUSDT,71222.19,0.0003
2026-03-25 16:45:59,BINANCE:BNBUSDT,649.34,0.085
2026-03-25 16:45:58,BINANCE:BNBUSDT,649.35,0.099
2026-03-25 16:45:58,BINANCE:BTCUSDT,71222.19,0.0001
2026-03-25 16:45:59,BINANCE:BNBUSDT,649.34,0.429
2026-03-25 16:45:59,BINANCE:ETHUSDT,2180.17,0.0024
2026-03-25 16:45:59,BINANCE:ETHUSDT,2180.17,0.0023
2026-03-25 16:45:59,BINANCE:ETHUSDT,2180.17,0.0023
2026-03-25 16:45:59,BINANCE:BTCUSDT,71222.19,0.0001
2026-03-25 16:45:59,BINANCE:BTCUSDT,71222.19,0.0185
2026-03-25 16:45:59,BINANCE:BNBUSDT,649.34,0.177
2026-03-25 16:45:59,BINANCE:BNBUSDT,649.34,0.11
2026-03-25 16:45:59,BINANCE:BNBUSDT,649.34,0.044
2026-03-25 16:45:59,BINANCE:BNBUSDT,649.34,0.075
2026-03-25 16:45:59,BINANCE:BNBUSDT,649.34,0.03
2026-03-25 16:45:59,BINANCE:BTCUSDT,71222.2,0.00548
2026-03-25 16:45:59,BINANCE:BNBUSDT,649.34,0.155
2026-03-25 16:45:59,BINANCE:BNBUSDT,649.34,0.046
2026-03-25 16:45:59,BINANCE:BNBUSDT,649.34,0.078
2026-03-25 16:45:59,BINANCE:BTCUSDT,71222.19,0.00119
2026-03-25 16:45:59,BINANCE:BTCUSDT,71222.19,0.00112
2026-03-25 16:45:59,BINANCE:BNBUSDT,649.35,0.021
2026-03-25 16:45:59,BINANCE:ETHUSDT,2180.17,0.0024
2026-03-25 16:45:59,BINANCE:ETHUSDT,2180.17,0.0025
2026-03-25 16:45:59,BINANCE:ETHUSDT,2180.17,0.2008
2026-03-25 16:46:00,BINANCE:BNBUSDT,649.34,0.45
2026-03-25 16:46:00,BINANCE:BNBUSDT,649.34,0.085
2026-03-25 16:46:00,BINANCE:BNBUSDT,649.34,0.021
2026-03-25 16:46:00,BINANCE:BNBUSDT,649.34,0.072
2026-03-25 16:46:00,BINANCE:BNBUSDT,649.34,0.022
2026-03-25 16:46:00,BINANCE:BTCUSDT,71222.19,0.00077
2026-03-25 16:46:00,BINANCE:BNBUSDT,649.34,0.056
2026-03-25 16:46:00,BINANCE:BNBUSDT,649.34,0.016
2026-03-25 16:46:00,BINANCE:ETHUSDT,2180.17,0.0047
2026-03-25 16:46:00,BINANCE:ETHUSDT,2180.17,0.0023
2026-03-25 16:46:00,BINANCE:ETHUSDT,2180.17,0.0024
2026-03-25 16:46:00,BINANCE:ETHUSDT,2180.17,0.0025
2026-03-25 16:46:00,BINANCE:ETHUSDT,2180.17,0.0493
2026-03-25 16:46:00,BINANCE:ETHUSDT,2180.17,0.0115
2026-03-25 16:46:00,BINANCE:ETHUSDT,2180.17,0.9273
2026-03-25 16:46:00,BINANCE:BNBUSDT,649.34,0.073
2026-03-25 16:46:00,BINANCE:BNBUSDT,649.34,0.032
2026-03-25 16:46:00,BINANCE:BNBUSDT,649.34,0.038
2026-03-25 16:46:01,BINANCE:BNBUSDT,649.34,0.4
2026-03-25 16:46:01,BINANCE:BNBUSDT,649.34,0.122
2026-03-25 16:46:01,BINANCE:BNBUSDT,649.34,0.04
2026-03-25 16:46:01,BINANCE:BNBUSDT,649.34,0.037
2026-03-25 16:46:01,BINANCE:ETHUSDT,2180.18,0.0047
2026-03-25 16:46:01,BINANCE:ETHUSDT,2180.18,0.0047
2026-03-25 16:46:01,BINANCE:ETHUSDT,2180.18,0.0047
2026-03-25 16:46:01,BINANCE:ETHUSDT,2180.18,0.0047
2026-03-25 16:46:01,BINANCE:ETHUSDT,2180.18,0.0069
2026-03-25 16:46:01,BINANCE:ETHUSDT,2180.18,0.0047
2026-03-25 16:46:01,BINANCE:ETHUSDT,2180.18,0.192
2026-03-25 16:46:01,BINANCE:ETHUSDT,2180.18,0.192
2026-03-25 16:46:01,BINANCE:ETHUSDT,2180.18,0.0024
2026-03-25 16:46:01,BINANCE:ETHUSDT,2180.18,0.0239
2026-03-25 16:46:01,BINANCE:ETHUSDT,2180.18,0.0024
2026-03-25 16:46:01,BINANCE:ETHUSDT,2180.18,0.0024
2026-03-25 16:46:01,BINANCE:ETHUSDT,2180.18,0.0128
2026-03-25 16:46:01,BINANCE:ETHUSDT,2180.18,0.0024
2026-03-25 16:46:01,BINANCE:ETHUSDT,2180.18,0.0024
2026-03-25 16:46:01,BINANCE:ETHUSDT,2180.19,0.0024
2026-03-25 16:46:01,BINANCE:ETHUSDT,2180.19,0.0024
2026-03-25 16:46:01,BINANCE:ETHUSDT,2180.19,0.0024
2026-03-25 16:46:01,BINANCE:ETHUSDT,2180.2,0.0023
2026-03-25 16:46:01,BINANCE:ETHUSDT,2180.2,0.0024
2026-03-25 16:46:01,BINANCE:ETHUSDT,2180.2,0.0025
2026-03-25 16:46:01,BINANCE:ETHUSDT,2180.2,0.0025
2026-03-25 16:46:01,BINANCE:ETHUSDT,2180.2,0.0024
2026-03-25 16:46:01,BINANCE:ETHUSDT,2180.2,0.0025
2026-03-25 16:46:01,BINANCE:BNBUSDT,649.34,0.403
2026-03-25 16:46:01,BINANCE:ETHUSDT,2180.2,0.0097
2026-03-25 16:46:01,BINANCE:BNBUSDT,649.34,0.008
2026-03-25 16:46:01,BINANCE:BNBUSDT,649.34,0.005
2026-03-25 16:46:01,BINANCE:BNBUSDT,649.34,0.004
2026-03-25 16:46:01,BINANCE:BNBUSDT,649.34,0.009
2026-03-25 16:46:01,BINANCE:BNBUSDT,649.34,0.017
2026-03-25 16:46:01,BINANCE:BNBUSDT,649.35,0.323
2026-03-25 16:46:01,BINANCE:BNBUSDT,649.35,1.154
2026-03-25 16:46:01,BINANCE:BNBUSDT,649.35,0.023
2026-03-25 16:46:01,BINANCE:BNBUSDT,649.34,0.063
2026-03-25 16:46:01,BINANCE:BNBUSDT,649.34,0.041
2026-03-25 16:46:01,BINANCE:BNBUSDT,649.34,0.027
2026-03-25 16:46:02,BINANCE:BNBUSDT,649.34,0.397
2026-03-25 16:46:02,BINANCE:BNBUSDT,649.34,0.069
2026-03-25 16:46:02,BINANCE:BTCUSDT,71222.2,0.00011
2026-03-25 16:46:02,BINANCE:BNBUSDT,649.34,0.027
2026-03-25 16:46:01,BINANCE:BNBUSDT,649.34,0.008
2026-03-25 16:46:01,BINANCE:BNBUSDT,649.34,0.105
2026-03-25 16:46:02,BINANCE:BNBUSDT,649.34,0.063
2026-03-25 16:46:02,BINANCE:BNBUSDT,649.34,0.089
2026-03-25 16:46:02,BINANCE:BNBUSDT,649.34,0.157
2026-03-25 16:46:02,BINANCE:BNBUSDT,649.34,0.026
2026-03-25 16:46:02,BINANCE:BNBUSDT,649.34,0.862
2026-03-25 16:46:02,BINANCE:BNBUSDT,649.34,2.135
2026-03-25 16:46:02,BINANCE:BNBUSDT,649.34,0.009
2026-03-25 16:46:02,BINANCE:BNBUSDT,649.34,0.009
2026-03-25 16:46:02,BINANCE:BNBUSDT,649.34,0.045
2026-03-25 16:46:02,BINANCE:BNBUSDT,649.34,1.99
2026-03-25 16:46:02,BINANCE:BNBUSDT,649.34,0.009
2026-03-25 16:46:02,BINANCE:BNBUSDT,649.34,0.009
2026-03-25 16:46:02,BINANCE:BNBUSDT,649.34,0.009
2026-03-25 16:46:02,BINANCE:BNBUSDT,649.33,0.009
2026-03-25 16:46:02,BINANCE:BNBUSDT,649.33,0.009
2026-03-25 16:46:02,BINANCE:BNBUSDT,649.33,0.01
2026-03-25 16:46:02,BINANCE:BNBUSDT,649.33,0.009
2026-03-25 16:46:02,BINANCE:ETHUSDT,2180.2,0.005
2026-03-25 16:46:02,BINANCE:BNBUSDT,649.32,0.065
2026-03-25 16:46:02,BINANCE:BNBUSDT,649.33,1
2026-03-25 16:46:02,BINANCE:BNBUSDT,649.32,0.06
2026-03-25 16:46:02,BINANCE:BTCUSDT,71222.2,0.00039
2026-03-25 16:46:02,BINANCE:ETHUSDT,2180.21,1.9819
2026-03-25 16:46:03,BINANCE:BNBUSDT,649.33,1.498
2026-03-25 16:46:03,BINANCE:BNBUSDT,649.33,0.196
2026-03-25 16:46:03,BINANCE:BNBUSDT,649.32,0.1
2026-03-25 16:46:03,BINANCE:BTCUSDT,71222.19,0.00028
2026-03-25 16:46:03,BINANCE:ETHUSDT,2180.21,0.0069
2026-03-25 16:46:04,BINANCE:BTCUSDT,71222.19,0.00555
2026-03-25 16:46:04,BINANCE:BTCUSDT,71222.19,0.00023
2026-03-25 16:46:04,BINANCE:BTCUSDT,71222.2,8e-05
2026-03-25 16:46:04,BINANCE:BTCUSDT,71222.2,0.00015
2026-03-25 16:46:04,BINANCE:BTCUSDT,71222.2,0.00015
2026-03-25 16:46:04,BINANCE:BTCUSDT,71222.2,0.00015
2026-03-25 16:46:04,BINANCE:BTCUSDT,71222.2,0.00015
2026-03-25 16:46:04,BINANCE:BTCUSDT,71222.2,0.04794
2026-03-25 16:46:04,BINANCE:BTCUSDT,71222.2,0.0001
2026-03-25 16:46:04,BINANCE:BTCUSDT,71222.2,0.00026
2026-03-25 16:46:04,BINANCE:BTCUSDT,71222.19,9e-05
2026-03-25 16:46:04,BINANCE:BTCUSDT,71222.19,0.01708
2026-03-25 16:46:04,BINANCE:BNBUSDT,649.33,0.015
2026-03-25 16:46:05,BINANCE:BNBUSDT,649.33,0.018
2026-03-25 16:46:05,BINANCE:BNBUSDT,649.33,3
2026-03-25 16:46:05,BINANCE:BNBUSDT,649.32,3.504
2026-03-25 16:46:05,BINANCE:BNBUSDT,649.32,0.009
2026-03-25 16:46:05,BINANCE:BNBUSDT,649.32,0.487
2026-03-25 16:46:06,BINANCE:BTCUSDT,71222.19,0.00548
2026-03-25 16:46:06,BINANCE:BNBUSDT,649.33,1
2026-03-25 16:46:06,BINANCE:BTCUSDT,71222.19,0.00032
2026-03-25 16:46:06,BINANCE:ETHUSDT,2180.2,0.2155
2026-03-25 16:46:06,BINANCE:BTCUSDT,71222.19,0.00154
2026-03-25 16:46:07,BINANCE:ETHUSDT,2180.2,0.7381
2026-03-25 16:46:08,BINANCE:BNBUSDT,649.33,0.16
2026-03-25 16:46:09,BINANCE:BTCUSDT,71222.2,8e-05
2026-03-25 16:46:09,BINANCE:BTCUSDT,71222.2,0.00132
2026-03-25 16:46:09,BINANCE:ETHUSDT,2180.2,0.0659
2026-03-25 16:46:09,BINANCE:BNBUSDT,649.33,1.248
2026-03-25 16:46:09,BINANCE:BNBUSDT,649.33,1.752
2026-03-25 16:46:10,BINANCE:BNBUSDT,649.32,0.017
2026-03-25 16:46:10,BINANCE:BNBUSDT,649.33,0.007
2026-03-25 16:46:10,BINANCE:BNBUSDT,649.33,0.017
2026-03-25 16:46:11,BINANCE:BNBUSDT,649.32,0.402
2026-03-25 16:46:11,BINANCE:BTCUSDT,71222.19,0.00107
2026-03-25 16:46:12,BINANCE:ETHUSDT,2180.2,0.0071
2026-03-25 16:46:12,BINANCE:BTCUSDT,71222.2,0.04607
2026-03-25 16:46:12,BINANCE:BTCUSDT,71222.2,0.00612
2026-03-25 16:46:12,BINANCE:BNBUSDT,649.32,0.087
2026-03-25 16:46:12,BINANCE:BTCUSDT,71222.19,0.001
2026-03-25 16:46:12,BINANCE:BTCUSDT,71222.19,0.00747
2026-03-25 16:46:12,BINANCE:BNBUSDT,649.33,0.017
2026-03-25 16:46:13,BINANCE:ETHUSDT,2180.2,0.1849
2026-03-25 16:46:13,BINANCE:BTCUSDT,71222.19,0.02879
2026-03-25 16:46:13,BINANCE:ETHUSDT,2180.21,17.8139
2026-03-25 16:46:13,BINANCE:ETHUSDT,2180.21,0.2329
2026-03-25 16:46:13,BINANCE:ETHUSDT,2180.21,0.0181
2026-03-25 16:46:13,BINANCE:ETHUSDT,2180.21,0.0047
2026-03-25 16:46:13,BINANCE:ETHUSDT,2180.21,0.0024
2026-03-25 16:46:13,BINANCE:ETHUSDT,2180.21,0.0024
2026-03-25 16:46:13,BINANCE:ETHUSDT,2180.21,0.0047
2026-03-25 16:46:13,BINANCE:ETHUSDT,2180.21,0.091
2026-03-25 16:46:13,BINANCE:ETHUSDT,2180.21,0.0402
2026-03-25 16:46:13,BINANCE:ETHUSDT,2180.21,0.0349
2026-03-25 16:46:13,BINANCE:ETHUSDT,2180.21,0.0128
2026-03-25 16:46:13,BINANCE:ETHUSDT,2180.21,0.6187
2026-03-25 16:46:13,BINANCE:ETHUSDT,2180.21,0.0024
2026-03-25 16:46:13,BINANCE:ETHUSDT,2180.22,0.0024
2026-03-25 16:46:13,BINANCE:ETHUSDT,2180.22,0.0024
2026-03-25 16:46:13,BINANCE:ETHUSDT,2180.27,0.0024
2026-03-25 16:46:13,BINANCE:ETHUSDT,2180.27,0.0025
2026-03-25 16:46:13,BINANCE:ETHUSDT,2180.27,0.0025
2026-03-25 16:46:13,BINANCE:ETHUSDT,2180.27,0.0025
2026-03-25 16:46:13,BINANCE:ETHUSDT,2180.29,0.0159
2026-03-25 16:46:13,BINANCE:ETHUSDT,2180.3,0.0023
2026-03-25 16:46:13,BINANCE:ETHUSDT,2180.3,0.003
2026-03-25 16:46:13,BINANCE:ETHUSDT,2180.3,0.0024
2026-03-25 16:46:13,BINANCE:ETHUSDT,2180.32,0.0025
2026-03-25 16:46:13,BINANCE:ETHUSDT,2180.34,0.0024
2026-03-25 16:46:13,BINANCE:ETHUSDT,2180.36,0.0047
2026-03-25 16:46:13,BINANCE:ETHUSDT,2180.36,0.0024
2026-03-25 16:46:13,BINANCE:ETHUSDT,2180.36,0.0025
2026-03-25 16:46:13,BINANCE:ETHUSDT,2180.36,0.0025
2026-03-25 16:46:13,BINANCE:ETHUSDT,2180.36,0.0288
2026-03-25 16:46:13,BINANCE:ETHUSDT,2180.36,0.0025
2026-03-25 16:46:13,BINANCE:ETHUSDT,2180.4,0.0023
2026-03-25 16:46:13,BINANCE:ETHUSDT,2180.4,0.003
2026-03-25 16:46:13,BINANCE:ETHUSDT,2180.4,0.0024
2026-03-25 16:46:13,BINANCE:ETHUSDT,2180.4,0.0025
2026-03-25 16:46:13,BINANCE:ETHUSDT,2180.4,0.0025
2026-03-25 16:46:13,BINANCE:ETHUSDT,2180.4,0.0024
2026-03-25 16:46:13,BINANCE:ETHUSDT,2180.4,0.0025
2026-03-25 16:46:13,BINANCE:ETHUSDT,2180.41,0.1147
2026-03-25 16:46:13,BINANCE:ETHUSDT,2180.41,0.0024
2026-03-25 16:46:13,BINANCE:ETHUSDT,2180.41,0.0025
2026-03-25 16:46:13,BINANCE:ETHUSDT,2180.41,0.0025
2026-03-25 16:46:13,BINANCE:ETHUSDT,2180.41,0.0025
2026-03-25 16:46:13,BINANCE:ETHUSDT,2180.42,0.0092
2026-03-25 16:46:13,BINANCE:ETHUSDT,2180.42,0.0024
2026-03-25 16:46:13,BINANCE:ETHUSDT,2180.43,0.0024
2026-03-25 16:46:13,BINANCE:ETHUSDT,2180.43,0.0025
2026-03-25 16:46:13,BINANCE:ETHUSDT,2180.43,0.0025
2026-03-25 16:46:13,BINANCE:ETHUSDT,2180.43,0.0025
2026-03-25 16:46:13,BINANCE:ETHUSDT,2180.45,0.0025
2026-03-25 16:46:13,BINANCE:ETHUSDT,2180.46,0.0047
2026-03-25 16:46:13,BINANCE:ETHUSDT,2180.46,0.0025
2026-03-25 16:46:13,BINANCE:ETHUSDT,2180.48,0.023
2026-03-25 16:46:13,BINANCE:ETHUSDT,2180.48,0.0595
2026-03-25 16:46:13,BINANCE:ETHUSDT,2180.49,0.0236
2026-03-25 16:46:13,BINANCE:ETHUSDT,2180.49,0.0872
2026-03-25 16:46:13,BINANCE:ETHUSDT,2180.5,0.0023
2026-03-25 16:46:13,BINANCE:ETHUSDT,2180.5,0.003
2026-03-25 16:46:13,BINANCE:ETHUSDT,2180.5,0.0025
2026-03-25 16:46:13,BINANCE:ETHUSDT,2180.51,0.0335
2026-03-25 16:46:13,BINANCE:BTCUSDT,71222.19,0.00378
2026-03-25 16:46:14,BINANCE:BNBUSDT,649.32,0.058
2026-03-25 16:46:13,BINANCE:BTCUSDT,71222.19,0.0028
2026-03-25 16:46:14,BINANCE:BNBUSDT,649.32,0.097
2026-03-25 16:46:14,BINANCE:BNBUSDT,649.32,0.053
2026-03-25 16:46:13,BINANCE:ETHUSDT,2180.5,0.0047
2026-03-25 16:46:13,BINANCE:ETHUSDT,2180.5,0.0047
2026-03-25 16:46:13,BINANCE:ETHUSDT,2180.5,0.0023
2026-03-25 16:46:13,BINANCE:ETHUSDT,2180.5,0.0047
2026-03-25 16:46:13,BINANCE:ETHUSDT,2180.5,2.236
2026-03-25 16:46:13,BINANCE:ETHUSDT,2180.5,0.0047
2026-03-25 16:46:13,BINANCE:ETHUSDT,2180.5,0.3709
2026-03-25 16:46:13,BINANCE:ETHUSDT,2180.5,0.0769
2026-03-25 16:46:13,BINANCE:ETHUSDT,2180.5,1.3842
2026-03-25 16:46:13,BINANCE:ETHUSDT,2180.5,0.0047
2026-03-25 16:46:13,BINANCE:ETHUSDT,2180.5,0.0023
2026-03-25 16:46:13,BINANCE:ETHUSDT,2180.5,0.0025
2026-03-25 16:46:13,BINANCE:ETHUSDT,2180.5,0.0095
2026-03-25 16:46:13,BINANCE:ETHUSDT,2180.5,0.0097
2026-03-25 16:46:13,BINANCE:ETHUSDT,2180.5,0.0242
2026-03-25 16:46:13,BINANCE:ETHUSDT,2180.5,0.1948
2026-03-25 16:46:13,BINANCE:ETHUSDT,2180.5,0.0572
2026-03-25 16:46:13,BINANCE:ETHUSDT,2180.5,0.0024
2026-03-25 16:46:13,BINANCE:ETHUSDT,2180.5,0.0023
2026-03-25 16:46:13,BINANCE:ETHUSDT,2180.5,0.0023
2026-03-25 16:46:13,BINANCE:ETHUSDT,2180.5,0.0023
2026-03-25 16:46:13,BINANCE:ETHUSDT,2180.5,0.0023
2026-03-25 16:46:13,BINANCE:ETHUSDT,2180.5,0.0023
2026-03-25 16:46:13,BINANCE:ETHUSDT,2180.5,0.0023
2026-03-25 16:46:13,BINANCE:ETHUSDT,2180.5,0.0023
2026-03-25 16:46:13,BINANCE:ETHUSDT,2180.5,0.0023
2026-03-25 16:46:13,BINANCE:ETHUSDT,2180.49,0.0025
2026-03-25 16:46:13,BINANCE:ETHUSDT,2180.48,0.0023
2026-03-25 16:46:13,BINANCE:ETHUSDT,2180.48,0.0025
2026-03-25 16:46:13,BINANCE:ETHUSDT,2180.48,0.0023
2026-03-25 16:46:13,BINANCE:ETHUSDT,2180.47,0.0025
2026-03-25 16:46:14,BINANCE:BNBUSDT,649.32,0.156
2026-03-25 16:46:14,BINANCE:ETHUSDT,2180.46,0.0023
2026-03-25 16:46:14,BINANCE:ETHUSDT,2180.46,0.0025
2026-03-25 16:46:14,BINANCE:ETHUSDT,2180.46,0.0024
2026-03-25 16:46:14,BINANCE:ETHUSDT,2180.46,0.0023
2026-03-25 16:46:14,BINANCE:ETHUSDT,2180.46,0.0023
2026-03-25 16:46:14,BINANCE:ETHUSDT,2180.46,0.0047
2026-03-25 16:46:14,BINANCE:ETHUSDT,2180.46,0.0024
2026-03-25 16:46:14,BINANCE:ETHUSDT,2180.46,0.4023
2026-03-25 16:46:14,BINANCE:ETHUSDT,2180.46,0.0024
2026-03-25 16:46:14,BINANCE:ETHUSDT,2180.46,0.0023
2026-03-25 16:46:14,BINANCE:ETHUSDT,2180.46,0.0023
2026-03-25 16:46:14,BINANCE:ETHUSDT,2180.46,0.0023
2026-03-25 16:46:14,BINANCE:ETHUSDT,2180.46,0.0023
2026-03-25 16:46:14,BINANCE:ETHUSDT,2180.46,0.0023
2026-03-25 16:46:14,BINANCE:ETHUSDT,2180.46,0.0023
2026-03-25 16:46:14,BINANCE:ETHUSDT,2180.45,0.0025
2026-03-25 16:46:14,BINANCE:ETHUSDT,2180.45,0.0024
2026-03-25 16:46:14,BINANCE:ETHUSDT,2180.45,0.0024
2026-03-25 16:46:14,BINANCE:ETHUSDT,2180.45,0.0024
2026-03-25 16:46:14,BINANCE:ETHUSDT,2180.45,0.0047
2026-03-25 16:46:14,BINANCE:ETHUSDT,2180.45,0.0024
2026-03-25 16:46:14,BINANCE:ETHUSDT,2180.45,0.0023
2026-03-25 16:46:14,BINANCE:ETHUSDT,2180.45,0.0024
2026-03-25 16:46:14,BINANCE:ETHUSDT,2180.45,0.2662
2026-03-25 16:46:14,BINANCE:ETHUSDT,2180.45,0.0023
2026-03-25 16:46:14,BINANCE:ETHUSDT,2180.44,0.0023
2026-03-25 16:46:14,BINANCE:ETHUSDT,2180.44,0.0025
2026-03-25 16:46:14,BINANCE:ETHUSDT,2180.44,0.0024
2026-03-25 16:46:14,BINANCE:ETHUSDT,2180.44,0.0024
2026-03-25 16:46:14,BINANCE:ETHUSDT,2180.44,0.0023
2026-03-25 16:46:14,BINANCE:ETHUSDT,2180.44,0.0023
2026-03-25 16:46:14,BINANCE:ETHUSDT,2180.44,0.0023
2026-03-25 16:46:14,BINANCE:ETHUSDT,2180.44,0.0023
2026-03-25 16:46:14,BINANCE:ETHUSDT,2180.43,0.0023
2026-03-25 16:46:14,BINANCE:ETHUSDT,2180.43,0.0025
2026-03-25 16:46:14,BINANCE:ETHUSDT,2180.43,0.0024
2026-03-25 16:46:14,BINANCE:ETHUSDT,2180.43,0.0023
2026-03-25 16:46:14,BINANCE:ETHUSDT,2180.42,0.0023
2026-03-25 16:46:14,BINANCE:ETHUSDT,2180.42,0.0025
2026-03-25 16:46:14,BINANCE:ETHUSDT,2180.42,0.0023
2026-03-25 16:46:14,BINANCE:ETHUSDT,2180.42,0.0023
2026-03-25 16:46:14,BINANCE:ETHUSDT,2180.42,0.0023
2026-03-25 16:46:14,BINANCE:ETHUSDT,2180.42,0.0023
2026-03-25 16:46:14,BINANCE:ETHUSDT,2180.41,0.0023
2026-03-25 16:46:14,BINANCE:ETHUSDT,2180.41,0.0025
2026-03-25 16:46:14,BINANCE:ETHUSDT,2180.41,0.0023
2026-03-25 16:46:14,BINANCE:ETHUSDT,2180.41,0.0023
2026-03-25 16:46:14,BINANCE:ETHUSDT,2180.41,0.0023
2026-03-25 16:46:14,BINANCE:ETHUSDT,2180.41,0.0023
2026-03-25 16:46:14,BINANCE:ETHUSDT,2180.4,0.0023
2026-03-25 16:46:14,BINANCE:ETHUSDT,2180.4,0.0023
2026-03-25 16:46:14,BINANCE:ETHUSDT,2180.4,0.0024
2026-03-25 16:46:14,BINANCE:ETHUSDT,2180.4,0.0025
2026-03-25 16:46:14,BINANCE:ETHUSDT,2180.4,0.0023
2026-03-25 16:46:14,BINANCE:ETHUSDT,2180.4,0.0023
2026-03-25 16:46:14,BINANCE:ETHUSDT,2180.4,0.0023
2026-03-25 16:46:14,BINANCE:ETHUSDT,2180.4,0.0023
2026-03-25 16:46:14,BINANCE:ETHUSDT,2180.39,0.0023
2026-03-25 16:46:14,BINANCE:ETHUSDT,2180.39,0.0025
2026-03-25 16:46:14,BINANCE:ETHUSDT,2180.39,0.0023
2026-03-25 16:46:14,BINANCE:ETHUSDT,2180.36,0.0023
2026-03-25 16:46:14,BINANCE:ETHUSDT,2180.36,0.0023
2026-03-25 16:46:14,BINANCE:ETHUSDT,2180.36,0.0025
2026-03-25 16:46:14,BINANCE:ETHUSDT,2180.36,0.0024
2026-03-25 16:46:14,BINANCE:ETHUSDT,2180.36,0.0047
2026-03-25 16:46:14,BINANCE:ETHUSDT,2180.36,0.0024
2026-03-25 16:46:14,BINANCE:ETHUSDT,2180.36,0.1248
2026-03-25 16:46:14,BINANCE:ETHUSDT,2180.36,0.0024
2026-03-25 16:46:14,BINANCE:ETHUSDT,2180.36,0.0115
2026-03-25 16:46:14,BINANCE:ETHUSDT,2180.36,0.0023
2026-03-25 16:46:14,BINANCE:ETHUSDT,2180.36,0.0023
2026-03-25 16:46:14,BINANCE:ETHUSDT,2180.36,0.0023
2026-03-25 16:46:14,BINANCE:ETHUSDT,2180.36,0.0023
2026-03-25 16:46:14,BINANCE:ETHUSDT,2180.36,0.0023
2026-03-25 16:46:14,BINANCE:ETHUSDT,2180.36,0.0023
2026-03-25 16:46:14,BINANCE:ETHUSDT,2180.36,0.0023
2026-03-25 16:46:14,BINANCE:ETHUSDT,2180.35,0.0023
2026-03-25 16:46:14,BINANCE:ETHUSDT,2180.35,0.0025
2026-03-25 16:46:14,BINANCE:ETHUSDT,2180.35,0.0024
2026-03-25 16:46:14,BINANCE:ETHUSDT,2180.35,0.0024
2026-03-25 16:46:14,BINANCE:ETHUSDT,2180.35,0.0023
2026-03-25 16:46:14,BINANCE:ETHUSDT,2180.35,0.0023
2026-03-25 16:46:14,BINANCE:ETHUSDT,2180.35,0.0023
2026-03-25 16:46:14,BINANCE:ETHUSDT,2180.35,0.0023
2026-03-25 16:46:14,BINANCE:ETHUSDT,2180.34,0.0023
2026-03-25 16:46:14,BINANCE:ETHUSDT,2180.34,0.0024
2026-03-25 16:46:14,BINANCE:ETHUSDT,2180.34,0.0025
2026-03-25 16:46:14,BINANCE:ETHUSDT,2180.34,0.0023
2026-03-25 16:46:14,BINANCE:ETHUSDT,2180.33,0.0025
2026-03-25 16:46:14,BINANCE:ETHUSDT,2180.33,0.0024
2026-03-25 16:46:14,BINANCE:ETHUSDT,2180.32,0.0024
2026-03-25 16:46:14,BINANCE:ETHUSDT,2180.32,0.0025
2026-03-25 16:46:14,BINANCE:ETHUSDT,2180.32,0.0143
2026-03-25 16:46:14,BINANCE:ETHUSDT,2180.32,0.0023
2026-03-25 16:46:14,BINANCE:ETHUSDT,2180.32,0.0023
2026-03-25 16:46:14,BINANCE:ETHUSDT,2180.31,0.0023
2026-03-25 16:46:14,BINANCE:ETHUSDT,2180.31,0.0025
2026-03-25 16:46:14,BINANCE:ETHUSDT,2180.31,0.0023
2026-03-25 16:46:14,BINANCE:ETHUSDT,2180.31,0.0023
2026-03-25 16:46:14,BINANCE:ETHUSDT,2180.31,0.0023
2026-03-25 16:46:14,BINANCE:ETHUSDT,2180.31,0.0023
2026-03-25 16:46:14,BINANCE:ETHUSDT,2180.3,0.0023
2026-03-25 16:46:14,BINANCE:ETHUSDT,2180.3,0.0023
2026-03-25 16:46:14,BINANCE:ETHUSDT,2180.3,0.0025
2026-03-25 16:46:14,BINANCE:ETHUSDT,2180.3,0.0023
2026-03-25 16:46:14,BINANCE:ETHUSDT,2180.3,0.0023
2026-03-25 16:46:14,BINANCE:ETHUSDT,2180.3,0.0023
2026-03-25 16:46:14,BINANCE:ETHUSDT,2180.3,0.0023
2026-03-25 16:46:14,BINANCE:ETHUSDT,2180.28,0.0025
2026-03-25 16:46:14,BINANCE:ETHUSDT,2180.28,0.0024
2026-03-25 16:46:14,BINANCE:ETHUSDT,2180.27,0.0023
2026-03-25 16:46:14,BINANCE:ETHUSDT,2180.27,0.0024
2026-03-25 16:46:14,BINANCE:ETHUSDT,2180.27,0.0025
2026-03-25 16:46:14,BINANCE:ETHUSDT,2180.27,0.0024
2026-03-25 16:46:14,BINANCE:ETHUSDT,2180.27,0.0047
2026-03-25 16:46:14,BINANCE:ETHUSDT,2180.27,0.001
2026-03-25 16:46:14,BINANCE:BTCUSDT,71222.19,0.003
2026-03-25 16:46:14,BINANCE:BNBUSDT,649.32,0.4
2026-03-25 16:46:14,BINANCE:BTCUSDT,71222.19,0.00054
2026-03-25 16:46:14,BINANCE:BNBUSDT,649.32,0.029
2026-03-25 16:46:14,BINANCE:BNBUSDT,649.32,0.069
2026-03-25 16:46:14,BINANCE:BNBUSDT,649.32,0.099
2026-03-25 16:46:14,BINANCE:BNBUSDT,649.32,0.062
2026-03-25 16:46:14,BINANCE:BNBUSDT,649.32,0.018
2026-03-25 16:46:14,BINANCE:BNBUSDT,649.32,4.187
2026-03-25 16:46:14,BINANCE:BNBUSDT,649.32,0.009
2026-03-25 16:46:14,BINANCE:BNBUSDT,649.32,0.009
2026-03-25 16:46:14,BINANCE:BNBUSDT,649.32,3
2026-03-25 16:46:14,BINANCE:BNBUSDT,649.32,0.431
2026-03-25 16:46:14,BINANCE:BNBUSDT,649.32,0.274
2026-03-25 16:46:14,BINANCE:BNBUSDT,649.32,0.77
2026-03-25 16:46:14,BINANCE:BNBUSDT,649.32,2
2026-03-25 16:46:14,BINANCE:BNBUSDT,649.33,2.872
2026-03-25 16:46:14,BINANCE:BNBUSDT,649.33,0.009
2026-03-25 16:46:14,BINANCE:BNBUSDT,649.33,0.129
2026-03-25 16:46:15,BINANCE:BNBUSDT,649.32,0.009
2026-03-25 16:46:15,BINANCE:BNBUSDT,649.32,0.009
2026-03-25 16:46:15,BINANCE:BNBUSDT,649.32,0.008
2026-03-25 16:46:15,BINANCE:BNBUSDT,649.32,0.009
2026-03-25 16:46:15,BINANCE:BNBUSDT,649.32,0.008
2026-03-25 16:46:15,BINANCE:BNBUSDT,649.32,0.008
2026-03-25 16:46:15,BINANCE:BNBUSDT,649.31,0.338
2026-03-25 16:46:15,BINANCE:ETHUSDT,2180.28,0.1049
2026-03-25 16:46:15,BINANCE:BNBUSDT,649.31,0.036
2026-03-25 16:46:15,BINANCE:BNBUSDT,649.31,0.02
2026-03-25 16:46:15,BINANCE:BNBUSDT,649.31,0.043
2026-03-25 16:46:15,BINANCE:BNBUSDT,649.32,0.009
2026-03-25 16:46:15,BINANCE:BNBUSDT,649.31,0.043
2026-03-25 16:46:15,BINANCE:BNBUSDT,649.31,0.016
2026-03-25 16:46:15,BINANCE:BNBUSDT,649.32,3
2026-03-25 16:46:15,BINANCE:BNBUSDT,649.31,0.026
2026-03-25 16:46:15,BINANCE:BNBUSDT,649.31,0.026
2026-03-25 16:46:15,BINANCE:BNBUSDT,649.31,0.046
2026-03-25 16:46:15,BINANCE:BNBUSDT,649.31,2.406
2026-03-25 16:46:15,BINANCE:BNBUSDT,649.31,0.008
2026-03-25 16:46:15,BINANCE:BNBUSDT,649.31,0.008
2026-03-25 16:46:15,BINANCE:BNBUSDT,649.31,0.008
2026-03-25 16:46:15,BINANCE:BNBUSDT,649.3,0.001
2026-03-25 16:46:15,BINANCE:BNBUSDT,649.3,2.999
2026-03-25 16:46:15,BINANCE:BNBUSDT,649.3,0.009
2026-03-25 16:46:15,BINANCE:BNBUSDT,649.3,0.008
2026-03-25 16:46:15,BINANCE:BNBUSDT,649.31,1.1
2026-03-25 16:46:15,BINANCE:BNBUSDT,649.3,0.009
2026-03-25 16:46:15,BINANCE:BNBUSDT,649.3,0.008
2026-03-25 16:46:15,BINANCE:BNBUSDT,649.3,0.009
2026-03-25 16:46:15,BINANCE:BNBUSDT,649.3,0.008
2026-03-25 16:46:15,BINANCE:BNBUSDT,649.3,0.009
2026-03-25 16:46:15,BINANCE:BNBUSDT,649.29,0.072
2026-03-25 16:46:15,BINANCE:BNBUSDT,649.29,0.01
2026-03-25 16:46:15,BINANCE:BNBUSDT,649.28,0.009
2026-03-25 16:46:15,BINANCE:BNBUSDT,649.28,0.008
2026-03-25 16:46:15,BINANCE:BNBUSDT,649.26,0.008
2026-03-25 16:46:15,BINANCE:BNBUSDT,649.26,0.008
2026-03-25 16:46:15,BINANCE:BNBUSDT,649.26,0.009
2026-03-25 16:46:15,BINANCE:BNBUSDT,649.24,0.009
2026-03-25 16:46:15,BINANCE:BNBUSDT,649.24,0.016
2026-03-25 16:46:15,BINANCE:BNBUSDT,649.23,0.008
2026-03-25 16:46:15,BINANCE:BNBUSDT,649.23,0.012
2026-03-25 16:46:15,BINANCE:BNBUSDT,649.22,0.009
2026-03-25 16:46:15,BINANCE:BNBUSDT,649.22,0.285
2026-03-25 16:46:15,BINANCE:BNBUSDT,649.22,0.008
2026-03-25 16:46:15,BINANCE:BNBUSDT,649.22,0.009
2026-03-25 16:46:15,BINANCE:BNBUSDT,649.22,0.009
2026-03-25 16:46:15,BINANCE:BNBUSDT,649.22,0.008
2026-03-25 16:46:15,BINANCE:BNBUSDT,649.22,0.009
2026-03-25 16:46:15,BINANCE:BNBUSDT,649.22,0.008
2026-03-25 16:46:15,BINANCE:ETHUSDT,2180.1,0.0133
2026-03-25 16:46:15,BINANCE:ETHUSDT,2180.1,0.0023
2026-03-25 16:46:15,BINANCE:ETHUSDT,2180.1,0.003
2026-03-25 16:46:15,BINANCE:ETHUSDT,2180.1,0.0024
2026-03-25 16:46:15,BINANCE:ETHUSDT,2180.1,0.0025
2026-03-25 16:46:15,BINANCE:ETHUSDT,2180.1,0.0047
2026-03-25 16:46:15,BINANCE:ETHUSDT,2180.1,0.0023
2026-03-25 16:46:15,BINANCE:ETHUSDT,2180.1,0.0227
2026-03-25 16:46:15,BINANCE:ETHUSDT,2180.1,0.0024
2026-03-25 16:46:15,BINANCE:ETHUSDT,2180.1,0.0024
2026-03-25 16:46:15,BINANCE:ETHUSDT,2180.1,0.0024
2026-03-25 16:46:15,BINANCE:ETHUSDT,2180.1,0.0024
2026-03-25 16:46:15,BINANCE:ETHUSDT,2180.1,0.0115
2026-03-25 16:46:15,BINANCE:ETHUSDT,2180.1,0.0023
2026-03-25 16:46:15,BINANCE:ETHUSDT,2180.1,0.0023
2026-03-25 16:46:15,BINANCE:ETHUSDT,2180.1,0.0023
2026-03-25 16:46:15,BINANCE:ETHUSDT,2180.1,0.0023
2026-03-25 16:46:15,BINANCE:ETHUSDT,2180.1,0.0023
2026-03-25 16:46:15,BINANCE:ETHUSDT,2180.09,0.0025
2026-03-25 16:46:15,BINANCE:ETHUSDT,2180.09,0.0024
2026-03-25 16:46:15,BINANCE:ETHUSDT,2180.09,0.0025
2026-03-25 16:46:15,BINANCE:ETHUSDT,2180.09,0.0024
2026-03-25 16:46:15,BINANCE:ETHUSDT,2180.09,0.0024
2026-03-25 16:46:15,BINANCE:ETHUSDT,2180.09,0.0024
2026-03-25 16:46:15,BINANCE:ETHUSDT,2180.09,0.0024
2026-03-25 16:46:15,BINANCE:ETHUSDT,2180.09,0.0024
2026-03-25 16:46:15,BINANCE:ETHUSDT,2180.08,0.0023
2026-03-25 16:46:15,BINANCE:ETHUSDT,2180.08,0.0023
2026-03-25 16:46:15,BINANCE:ETHUSDT,2180.08,0.0025
2026-03-25 16:46:15,BINANCE:ETHUSDT,2180.08,0.0023
2026-03-25 16:46:15,BINANCE:ETHUSDT,2180.08,0.0023
2026-03-25 16:46:15,BINANCE:ETHUSDT,2180.06,0.0025
2026-03-25 16:46:15,BINANCE:ETHUSDT,2180.05,0.0023
2026-03-25 16:46:15,BINANCE:ETHUSDT,2180.05,0.0024
2026-03-25 16:46:15,BINANCE:ETHUSDT,2180.05,0.0025
2026-03-25 16:46:15,BINANCE:ETHUSDT,2180.05,0.0023
2026-03-25 16:46:15,BINANCE:ETHUSDT,2180.05,0.0023
2026-03-25 16:46:15,BINANCE:ETHUSDT,2180.05,0.0023
2026-03-25 16:46:15,BINANCE:ETHUSDT,2180.04,0.023
2026-03-25 16:46:15,BINANCE:ETHUSDT,2180.04,0.0023
2026-03-25 16:46:15,BINANCE:ETHUSDT,2180.04,0.0092
2026-03-25 16:46:15,BINANCE:ETHUSDT,2180.04,0.0023
2026-03-25 16:46:15,BINANCE:ETHUSDT,2180.04,0.0024
2026-03-25 16:46:15,BINANCE:ETHUSDT,2180.04,0.0025
2026-03-25 16:46:15,BINANCE:ETHUSDT,2180.04,0.0023
2026-03-25 16:46:15,BINANCE:ETHUSDT,2180.04,0.0023
2026-03-25 16:46:15,BINANCE:ETHUSDT,2180.04,0.0023
2026-03-25 16:46:15,BINANCE:ETHUSDT,2180.04,0.0023
2026-03-25 16:46:15,BINANCE:ETHUSDT,2180.04,0.0023
2026-03-25 16:46:15,BINANCE:ETHUSDT,2180.03,0.0023
2026-03-25 16:46:15,BINANCE:ETHUSDT,2180.03,0.0025
2026-03-25 16:46:15,BINANCE:ETHUSDT,2180.03,0.0023
2026-03-25 16:46:15,BINANCE:ETHUSDT,2180.02,0.0024
2026-03-25 16:46:15,BINANCE:ETHUSDT,2180.02,0.0784
2026-03-25 16:46:15,BINANCE:ETHUSDT,2180.02,0.0025
2026-03-25 16:46:15,BINANCE:ETHUSDT,2180.01,0.0023
2026-03-25 16:46:15,BINANCE:ETHUSDT,2180.01,0.0025
2026-03-25 16:46:15,BINANCE:ETHUSDT,2180.01,0.0024
2026-03-25 16:46:15,BINANCE:ETHUSDT,2180.01,0.0025
2026-03-25 16:46:15,BINANCE:ETHUSDT,2180.01,0.0023
2026-03-25 16:46:15,BINANCE:ETHUSDT,2180.01,0.0023
2026-03-25 16:46:15,BINANCE:ETHUSDT,2180.01,0.0023
2026-03-25 16:46:15,BINANCE:ETHUSDT,2180.01,0.0023
2026-03-25 16:46:15,BINANCE:BTCUSDT,71215.3,0.00069
2026-03-25 16:46:15,BINANCE:BTCUSDT,71215.3,8e-05
2026-03-25 16:46:15,BINANCE:BTCUSDT,71215.3,8e-05
2026-03-25 16:46:15,BINANCE:BTCUSDT,71215.3,8e-05
2026-03-25 16:46:15,BINANCE:ETHUSDT,2180.27,0.0014
2026-03-25 16:46:15,BINANCE:BTCUSDT,71215.3,8e-05
2026-03-25 16:46:15,BINANCE:ETHUSDT,2180.27,0.0485
2026-03-25 16:46:15,BINANCE:BTCUSDT,71215.3,8e-05
2026-03-25 16:46:15,BINANCE:ETHUSDT,2180.27,0.0023
2026-03-25 16:46:15,BINANCE:BTCUSDT,71215.3,8e-05
2026-03-25 16:46:15,BINANCE:ETHUSDT,2180.27,0.0047
2026-03-25 16:46:15,BINANCE:BTCUSDT,71215.3,8e-05
2026-03-25 16:46:15,BINANCE:ETHUSDT,2180.27,0.0024
2026-03-25 16:46:15,BINANCE:BTCUSDT,71215.3,8e-05
2026-03-25 16:46:15,BINANCE:ETHUSDT,2180.27,0.0025
2026-03-25 16:46:15,BINANCE:BTCUSDT,71215.3,8e-05
2026-03-25 16:46:15,BINANCE:ETHUSDT,2180.27,0.0097
2026-03-25 16:46:15,BINANCE:BTCUSDT,71215.3,8e-05
2026-03-25 16:46:15,BINANCE:ETHUSDT,2180.27,0.0024
2026-03-25 16:46:15,BINANCE:BTCUSDT,71215.3,0.00015
2026-03-25 16:46:15,BINANCE:ETHUSDT,2180.27,0.0115
2026-03-25 16:46:15,BINANCE:BTCUSDT,71215.3,8e-05
2026-03-25 16:46:15,BINANCE:ETHUSDT,2180.27,0.0023
2026-03-25 16:46:15,BINANCE:ETHUSDT,2180.27,0.0023
2026-03-25 16:46:15,BINANCE:BTCUSDT,71215.3,8e-05
2026-03-25 16:46:15,BINANCE:ETHUSDT,2180.27,0.0023
2026-03-25 16:46:15,BINANCE:BTCUSDT,71215.3,0.00015
2026-03-25 16:46:15,BINANCE:ETHUSDT,2180.26,0.0023
2026-03-25 16:46:15,BINANCE:BTCUSDT,71215.3,8e-05
2026-03-25 16:46:15,BINANCE:ETHUSDT,2180.26,0.023
2026-03-25 16:46:15,BINANCE:BTCUSDT,71215.3,8e-05
2026-03-25 16:46:15,BINANCE:ETHUSDT,2180.26,0.0024
2026-03-25 16:46:15,BINANCE:BTCUSDT,71215.3,8e-05
2026-03-25 16:46:15,BINANCE:ETHUSDT,2180.26,0.0025
2026-03-25 16:46:15,BINANCE:ETHUSDT,2180.26,0.0024
2026-03-25 16:46:15,BINANCE:BTCUSDT,71215.3,8e-05
2026-03-25 16:46:15,BINANCE:ETHUSDT,2180.26,0.0023
2026-03-25 16:46:15,BINANCE:BTCUSDT,71215.3,8e-05
2026-03-25 16:46:15,BINANCE:ETHUSDT,2180.26,0.0024
2026-03-25 16:46:15,BINANCE:BTCUSDT,71215.3,8e-05
2026-03-25 16:46:15,BINANCE:ETHUSDT,2180.26,0.0023
2026-03-25 16:46:15,BINANCE:BTCUSDT,71215.3,8e-05
2026-03-25 16:46:15,BINANCE:ETHUSDT,2180.26,0.0023
2026-03-25 16:46:15,BINANCE:BTCUSDT,71215.3,8e-05
2026-03-25 16:46:15,BINANCE:ETHUSDT,2180.26,0.0023
2026-03-25 16:46:15,BINANCE:BTCUSDT,71215.3,8e-05
2026-03-25 16:46:15,BINANCE:ETHUSDT,2180.26,0.0023
2026-03-25 16:46:15,BINANCE:BTCUSDT,71215.3,8e-05
2026-03-25 16:46:15,BINANCE:ETHUSDT,2180.26,0.0023
2026-03-25 16:46:15,BINANCE:BTCUSDT,71215.3,8e-05
2026-03-25 16:46:15,BINANCE:ETHUSDT,2180.25,0.0023
2026-03-25 16:46:15,BINANCE:ETHUSDT,2180.25,0.0047
2026-03-25 16:46:15,BINANCE:BTCUSDT,71215.29,8e-05
2026-03-25 16:46:15,BINANCE:ETHUSDT,2180.25,0.0025
2026-03-25 16:46:15,BINANCE:BTCUSDT,71215.29,8e-05
2026-03-25 16:46:15,BINANCE:ETHUSDT,2180.25,0.0023
2026-03-25 16:46:15,BINANCE:ETHUSDT,2180.25,0.0023
2026-03-25 16:46:15,BINANCE:BTCUSDT,71215.29,8e-05
2026-03-25 16:46:15,BINANCE:ETHUSDT,2180.25,0.0023
2026-03-25 16:46:15,BINANCE:BTCUSDT,71215.29,8e-05
2026-03-25 16:46:15,BINANCE:ETHUSDT,2180.25,0.0023
2026-03-25 16:46:15,BINANCE:BTCUSDT,71215.29,8e-05
2026-03-25 16:46:15,BINANCE:ETHUSDT,2180.24,0.0023
2026-03-25 16:46:15,BINANCE:BTCUSDT,71215.29,8e-05
2026-03-25 16:46:15,BINANCE:ETHUSDT,2180.24,0.0025
2026-03-25 16:46:15,BINANCE:BTCUSDT,71215.29,8e-05
2026-03-25 16:46:15,BINANCE:ETHUSDT,2180.24,0.0023
2026-03-25 16:46:15,BINANCE:ETHUSDT,2180.24,0.0023
2026-03-25 16:46:15,BINANCE:BTCUSDT,71215.29,8e-05
2026-03-25 16:46:15,BINANCE:ETHUSDT,2180.24,0.0023
2026-03-25 16:46:15,BINANCE:BTCUSDT,71215.29,8e-05
2026-03-25 16:46:15,BINANCE:ETHUSDT,2180.24,0.0023
2026-03-25 16:46:15,BINANCE:BTCUSDT,71215.21,8e-05
2026-03-25 16:46:15,BINANCE:ETHUSDT,2180.21,0.0024
2026-03-25 16:46:15,BINANCE:BTCUSDT,71215.2,8e-05
2026-03-25 16:46:15,BINANCE:ETHUSDT,2180.21,0.0025
2026-03-25 16:46:15,BINANCE:BTCUSDT,71215.2,8e-05
2026-03-25 16:46:15,BINANCE:ETHUSDT,2180.21,0.0143
2026-03-25 16:46:15,BINANCE:BTCUSDT,71215.07,8e-05
2026-03-25 16:46:15,BINANCE:ETHUSDT,2180.2,0.0023
2026-03-25 16:46:15,BINANCE:BTCUSDT,71215.06,8e-05
2026-03-25 16:46:15,BINANCE:ETHUSDT,2180.2,0.0023
2026-03-25 16:46:15,BINANCE:BTCUSDT,71215.06,8e-05
2026-03-25 16:46:15,BINANCE:ETHUSDT,2180.2,0.0023
2026-03-25 16:46:15,BINANCE:BTCUSDT,71215.04,8e-05
2026-03-25 16:46:15,BINANCE:ETHUSDT,2180.2,0.0092
2026-03-25 16:46:15,BINANCE:BTCUSDT,71214.58,8e-05
2026-03-25 16:46:15,BINANCE:ETHUSDT,2180.2,0.0025
2026-03-25 16:46:15,BINANCE:BTCUSDT,71214.57,8e-05
2026-03-25 16:46:15,BINANCE:ETHUSDT,2180.2,0.003
2026-03-25 16:46:15,BINANCE:BTCUSDT,71214.57,8e-05
2026-03-25 16:46:15,BINANCE:ETHUSDT,2180.2,0.0024
2026-03-25 16:46:15,BINANCE:BTCUSDT,71214.57,8e-05
2026-03-25 16:46:15,BINANCE:ETHUSDT,2180.2,0.0025
2026-03-25 16:46:15,BINANCE:BTCUSDT,71214.56,8e-05
2026-03-25 16:46:15,BINANCE:ETHUSDT,2180.2,0.0023
2026-03-25 16:46:15,BINANCE:BTCUSDT,71214.56,8e-05
2026-03-25 16:46:15,BINANCE:ETHUSDT,2180.2,0.0023
2026-03-25 16:46:15,BINANCE:BTCUSDT,71214.36,8e-05
2026-03-25 16:46:15,BINANCE:ETHUSDT,2180.2,0.0023
2026-03-25 16:46:15,BINANCE:ETHUSDT,2180.2,0.0023
2026-03-25 16:46:15,BINANCE:BTCUSDT,71214.28,0.00027
2026-03-25 16:46:15,BINANCE:ETHUSDT,2180.2,0.0023
2026-03-25 16:46:15,BINANCE:BTCUSDT,71214.26,8e-05
2026-03-25 16:46:15,BINANCE:ETHUSDT,2180.19,0.1147
2026-03-25 16:46:15,BINANCE:BTCUSDT,71214.25,8e-05
2026-03-25 16:46:15,BINANCE:ETHUSDT,2180.19,0.0025
2026-03-25 16:46:15,BINANCE:BTCUSDT,71214.25,8e-05
2026-03-25 16:46:15,BINANCE:ETHUSDT,2180.17,0.0023
2026-03-25 16:46:15,BINANCE:BTCUSDT,71214.22,8e-05
2026-03-25 16:46:15,BINANCE:ETHUSDT,2180.17,0.0034
2026-03-25 16:46:15,BINANCE:BTCUSDT,71214,0.0004
2026-03-25 16:46:15,BINANCE:ETHUSDT,2180.17,0.0025
2026-03-25 16:46:15,BINANCE:BTCUSDT,71214,0.0004
2026-03-25 16:46:15,BINANCE:ETHUSDT,2180.17,0.0023
2026-03-25 16:46:15,BINANCE:ETHUSDT,2180.17,0.0023
2026-03-25 16:46:15,BINANCE:BTCUSDT,71214,0.0004
2026-03-25 16:46:15,BINANCE:ETHUSDT,2180.16,0.0023
2026-03-25 16:46:15,BINANCE:BTCUSDT,71213.91,8e-05
2026-03-25 16:46:15,BINANCE:ETHUSDT,2180.16,0.0023
2026-03-25 16:46:15,BINANCE:BTCUSDT,71213.91,8e-05
2026-03-25 16:46:15,BINANCE:ETHUSDT,2180.16,0.0023
2026-03-25 16:46:15,BINANCE:BTCUSDT,71213.91,8e-05
2026-03-25 16:46:15,BINANCE:ETHUSDT,2180.16,0.0023
2026-03-25 16:46:15,BINANCE:BTCUSDT,71213.91,8e-05
2026-03-25 16:46:15,BINANCE:ETHUSDT,2180.16,0.0025
2026-03-25 16:46:15,BINANCE:ETHUSDT,2180.16,0.0023
2026-03-25 16:46:15,BINANCE:BTCUSDT,71213.9,9e-05
2026-03-25 16:46:15,BINANCE:ETHUSDT,2180.16,0.0023
2026-03-25 16:46:15,BINANCE:BTCUSDT,71213.87,8e-05
2026-03-25 16:46:15,BINANCE:ETHUSDT,2180.16,0.0023
2026-03-25 16:46:15,BINANCE:BTCUSDT,71213.87,8e-05
2026-03-25 16:46:15,BINANCE:ETHUSDT,2180.16,0.0023
2026-03-25 16:46:15,BINANCE:BTCUSDT,71213.84,8e-05
2026-03-25 16:46:15,BINANCE:ETHUSDT,2180.14,0.0259
2026-03-25 16:46:15,BINANCE:BTCUSDT,71213.84,8e-05
2026-03-25 16:46:15,BINANCE:ETHUSDT,2180.14,0.0025
2026-03-25 16:46:15,BINANCE:BTCUSDT,71213.73,8e-05
2026-03-25 16:46:15,BINANCE:ETHUSDT,2180.11,0.0024
2026-03-25 16:46:15,BINANCE:BTCUSDT,71213.73,8e-05
2026-03-25 16:46:15,BINANCE:ETHUSDT,2180.11,0.0025
2026-03-25 16:46:15,BINANCE:BTCUSDT,71213.73,8e-05
2026-03-25 16:46:15,BINANCE:BTCUSDT,71213.73,8e-05
2026-03-25 16:46:15,BINANCE:BTCUSDT,71213.39,8e-05
2026-03-25 16:46:15,BINANCE:BTCUSDT,71213.38,0.03241
2026-03-25 16:46:15,BINANCE:BTCUSDT,71222.19,0.00449
2026-03-25 16:46:15,BINANCE:BTCUSDT,71222.19,0.0555
2026-03-25 16:46:15,BINANCE:BTCUSDT,71222.19,0.07145
2026-03-25 16:46:15,BINANCE:BTCUSDT,71222.19,0.14042
2026-03-25 16:46:15,BINANCE:BTCUSDT,71222.19,0.00015
2026-03-25 16:46:15,BINANCE:BTCUSDT,71222.19,8e-05
2026-03-25 16:46:15,BINANCE:BTCUSDT,71222.19,8e-05
2026-03-25 16:46:15,BINANCE:BTCUSDT,71222.19,8e-05
2026-03-25 16:46:15,BINANCE:BTCUSDT,71222.19,8e-05
2026-03-25 16:46:15,BINANCE:BTCUSDT,71222.19,8e-05
2026-03-25 16:46:15,BINANCE:BTCUSDT,71222.19,8e-05
2026-03-25 16:46:15,BINANCE:BTCUSDT,71222.19,8e-05
2026-03-25 16:46:15,BINANCE:BTCUSDT,71222.19,0.00015
2026-03-25 16:46:15,BINANCE:BTCUSDT,71222.19,0.00015
2026-03-25 16:46:15,BINANCE:BTCUSDT,71222.19,0.0037
2026-03-25 16:46:15,BINANCE:BTCUSDT,71222.19,8e-05
2026-03-25 16:46:15,BINANCE:BTCUSDT,71222.19,8e-05
2026-03-25 16:46:15,BINANCE:BTCUSDT,71222.19,0.00015
2026-03-25 16:46:15,BINANCE:BTCUSDT,71222.19,8e-05
2026-03-25 16:46:15,BINANCE:BTCUSDT,71222.19,8e-05
2026-03-25 16:46:15,BINANCE:BTCUSDT,71222.19,8e-05
2026-03-25 16:46:15,BINANCE:BTCUSDT,71222.19,8e-05
2026-03-25 16:46:15,BINANCE:BTCUSDT,71222.19,8e-05
2026-03-25 16:46:15,BINANCE:BTCUSDT,71222.19,8e-05
2026-03-25 16:46:15,BINANCE:BTCUSDT,71222.19,8e-05
2026-03-25 16:46:15,BINANCE:BTCUSDT,71222.19,8e-05
2026-03-25 16:46:15,BINANCE:BTCUSDT,71222.19,8e-05
2026-03-25 16:46:15,BINANCE:BTCUSDT,71222.19,8e-05
2026-03-25 16:46:15,BINANCE:BTCUSDT,71222.19,8e-05
2026-03-25 16:46:15,BINANCE:BTCUSDT,71222.19,8e-05
2026-03-25 16:46:15,BINANCE:BTCUSDT,71222.19,8e-05
2026-03-25 16:46:15,BINANCE:BTCUSDT,71222.19,8e-05
2026-03-25 16:46:15,BINANCE:BTCUSDT,71222.19,8e-05
2026-03-25 16:46:15,BINANCE:BTCUSDT,71222.19,8e-05
2026-03-25 16:46:15,BINANCE:BTCUSDT,71222.19,8e-05
2026-03-25 16:46:15,BINANCE:BTCUSDT,71222.19,8e-05
2026-03-25 16:46:15,BINANCE:BTCUSDT,71222.19,8e-05
2026-03-25 16:46:15,BINANCE:BTCUSDT,71222.19,8e-05
2026-03-25 16:46:15,BINANCE:BTCUSDT,71222.19,8e-05
2026-03-25 16:46:15,BINANCE:BTCUSDT,71222.19,8e-05
2026-03-25 16:46:15,BINANCE:BTCUSDT,71222.19,8e-05
2026-03-25 16:46:15,BINANCE:BTCUSDT,71222.19,8e-05
2026-03-25 16:46:15,BINANCE:BTCUSDT,71222.19,8e-05
2026-03-25 16:46:15,BINANCE:BTCUSDT,71222.18,8e-05
2026-03-25 16:46:15,BINANCE:BTCUSDT,71222.18,8e-05
2026-03-25 16:46:15,BINANCE:BTCUSDT,71222.18,8e-05
2026-03-25 16:46:15,BINANCE:BTCUSDT,71222.18,8e-05
2026-03-25 16:46:15,BINANCE:BTCUSDT,71222.18,8e-05
2026-03-25 16:46:15,BINANCE:BTCUSDT,71222.18,8e-05
2026-03-25 16:46:15,BINANCE:BTCUSDT,71222.01,8e-05
2026-03-25 16:46:15,BINANCE:BTCUSDT,71222,0.0004
2026-03-25 16:46:15,BINANCE:BTCUSDT,71222,0.00016
2026-03-25 16:46:15,BINANCE:BTCUSDT,71222,0.00024
2026-03-25 16:46:15,BINANCE:BTCUSDT,71222,0.0004
2026-03-25 16:46:15,BINANCE:BTCUSDT,71221.5,8e-05
2026-03-25 16:46:15,BINANCE:BTCUSDT,71221.5,8e-05
2026-03-25 16:46:15,BINANCE:BTCUSDT,71221.28,8e-05
2026-03-25 16:46:15,BINANCE:BTCUSDT,71220.19,0.001
2026-03-25 16:46:15,BINANCE:BTCUSDT,71220.19,8e-05
2026-03-25 16:46:15,BINANCE:BTCUSDT,71220.19,8e-05
2026-03-25 16:46:15,BINANCE:BTCUSDT,71220.19,8e-05
2026-03-25 16:46:15,BINANCE:BTCUSDT,71220.19,8e-05
2026-03-25 16:46:15,BINANCE:BTCUSDT,71220.19,8e-05
2026-03-25 16:46:15,BINANCE:BTCUSDT,71220.19,8e-05
2026-03-25 16:46:15,BINANCE:BTCUSDT,71220.19,8e-05
2026-03-25 16:46:15,BINANCE:BTCUSDT,71220.19,8e-05
2026-03-25 16:46:15,BINANCE:BTCUSDT,71220.19,8e-05
2026-03-25 16:46:15,BINANCE:BTCUSDT,71220.19,8e-05
2026-03-25 16:46:15,BINANCE:BTCUSDT,71220.19,8e-05
2026-03-25 16:46:15,BINANCE:BTCUSDT,71220.19,8e-05
2026-03-25 16:46:15,BINANCE:BTCUSDT,71220.19,8e-05
2026-03-25 16:46:15,BINANCE:BTCUSDT,71220.18,8e-05
2026-03-25 16:46:15,BINANCE:BTCUSDT,71220,0.0004
2026-03-25 16:46:15,BINANCE:BTCUSDT,71220,0.0004
2026-03-25 16:46:15,BINANCE:BTCUSDT,71220,0.0004
2026-03-25 16:46:15,BINANCE:BTCUSDT,71220,0.00015
2026-03-25 16:46:15,BINANCE:BTCUSDT,71220,8e-05
2026-03-25 16:46:15,BINANCE:BTCUSDT,71220,8e-05
2026-03-25 16:46:15,BINANCE:BTCUSDT,71220,8e-05
2026-03-25 16:46:15,BINANCE:BTCUSDT,71220,8e-05
2026-03-25 16:46:15,BINANCE:BTCUSDT,71220,8e-05
2026-03-25 16:46:15,BINANCE:BTCUSDT,71220,8e-05
2026-03-25 16:46:15,BINANCE:BTCUSDT,71220,8e-05
2026-03-25 16:46:15,BINANCE:BTCUSDT,71220,8e-05
2026-03-25 16:46:15,BINANCE:BTCUSDT,71220,8e-05
2026-03-25 16:46:15,BINANCE:BTCUSDT,71220,8e-05
2026-03-25 16:46:15,BINANCE:BTCUSDT,71220,8e-05
2026-03-25 16:46:15,BINANCE:BTCUSDT,71220,8e-05
2026-03-25 16:46:15,BINANCE:BTCUSDT,71220,8e-05
2026-03-25 16:46:15,BINANCE:BTCUSDT,71220,8e-05
2026-03-25 16:46:15,BINANCE:BTCUSDT,71220,8e-05
2026-03-25 16:46:15,BINANCE:BTCUSDT,71220,8e-05
2026-03-25 16:46:15,BINANCE:BTCUSDT,71220,8e-05
2026-03-25 16:46:15,BINANCE:BTCUSDT,71220,8e-05
2026-03-25 16:46:15,BINANCE:BTCUSDT,71220,8e-05
2026-03-25 16:46:15,BINANCE:BTCUSDT,71220,8e-05
2026-03-25 16:46:15,BINANCE:BTCUSDT,71220,8e-05
2026-03-25 16:46:15,BINANCE:BTCUSDT,71220,8e-05
2026-03-25 16:46:15,BINANCE:BTCUSDT,71220,8e-05
2026-03-25 16:46:15,BINANCE:BTCUSDT,71220,8e-05
2026-03-25 16:46:15,BINANCE:BTCUSDT,71220,8e-05
2026-03-25 16:46:15,BINANCE:BTCUSDT,71220,8e-05
2026-03-25 16:46:15,BINANCE:BTCUSDT,71219.99,8e-05
2026-03-25 16:46:15,BINANCE:BTCUSDT,71219.99,8e-05
2026-03-25 16:46:15,BINANCE:BTCUSDT,71219.99,8e-05
2026-03-25 16:46:15,BINANCE:BTCUSDT,71219.99,8e-05
2026-03-25 16:46:15,BINANCE:BTCUSDT,71219.99,8e-05
2026-03-25 16:46:15,BINANCE:BTCUSDT,71219.99,8e-05
2026-03-25 16:46:15,BINANCE:BTCUSDT,71219.99,8e-05
2026-03-25 16:46:15,BINANCE:BTCUSDT,71219.99,8e-05
2026-03-25 16:46:15,BINANCE:BTCUSDT,71219.99,8e-05
2026-03-25 16:46:15,BINANCE:BTCUSDT,71219.43,8e-05
2026-03-25 16:46:15,BINANCE:BTCUSDT,71218,0.0004
2026-03-25 16:46:15,BINANCE:BTCUSDT,71218,0.0004
2026-03-25 16:46:15,BINANCE:BTCUSDT,71218,0.0004
2026-03-25 16:46:15,BINANCE:BTCUSDT,71217.93,8e-05
2026-03-25 16:46:15,BINANCE:BTCUSDT,71217.76,0.00057
2026-03-25 16:46:15,BINANCE:BTCUSDT,71217.75,8e-05
2026-03-25 16:46:15,BINANCE:BTCUSDT,71216.5,8e-05
2026-03-25 16:46:15,BINANCE:BTCUSDT,71216.5,8e-05
2026-03-25 16:46:15,BINANCE:BTCUSDT,71216.49,8e-05
2026-03-25 16:46:15,BINANCE:BTCUSDT,71216.49,8e-05
2026-03-25 16:46:15,BINANCE:BTCUSDT,71216.49,8e-05
2026-03-25 16:46:15,BINANCE:BTCUSDT,71216.4,8e-05
2026-03-25 16:46:15,BINANCE:BTCUSDT,71216.4,8e-05
2026-03-25 16:46:15,BINANCE:BTCUSDT,71216.39,8e-05
2026-03-25 16:46:15,BINANCE:BTCUSDT,71216.39,8e-05
2026-03-25 16:46:15,BINANCE:BTCUSDT,71216.31,0.00015
2026-03-25 16:46:15,BINANCE:BTCUSDT,71216.08,0.003
2026-03-25 16:46:15,BINANCE:BTCUSDT,71216,0.0004
2026-03-25 16:46:15,BINANCE:BTCUSDT,71216,0.0004
2026-03-25 16:46:15,BINANCE:BTCUSDT,71216,0.0004
2026-03-25 16:46:15,BINANCE:BTCUSDT,71215.73,8e-05
2026-03-25 16:46:15,BINANCE:BTCUSDT,71215.73,8e-05
2026-03-25 16:46:15,BINANCE:BTCUSDT,71215.3,0.00306
2026-03-25 16:46:16,BINANCE:ETHUSDT,2180,0.1017
2026-03-25 16:46:16,BINANCE:BNBUSDT,649.22,3
2026-03-25 16:46:15,BINANCE:ETHUSDT,2180.01,0.0133
2026-03-25 16:46:15,BINANCE:BTCUSDT,71213.39,0.00018
2026-03-25 16:46:16,BINANCE:BTCUSDT,71213.39,0.00017
2026-03-25 16:46:16,BINANCE:BTCUSDT,71213.38,8e-05
2026-03-25 16:46:16,BINANCE:BTCUSDT,71213.38,8e-05
2026-03-25 16:46:16,BINANCE:BTCUSDT,71213.38,8e-05
2026-03-25 16:46:16,BINANCE:BTCUSDT,71213.38,0.00015
2026-03-25 16:46:16,BINANCE:BTCUSDT,71213.38,8e-05
2026-03-25 16:46:16,BINANCE:BTCUSDT,71213.38,8e-05
2026-03-25 16:46:16,BINANCE:BTCUSDT,71213.38,8e-05
2026-03-25 16:46:16,BINANCE:BTCUSDT,71213.38,0.00237
2026-03-25 16:46:16,BINANCE:BTCUSDT,71213.39,0.00022
2026-03-25 16:46:16,BINANCE:BNBUSDT,649.22,0.235
2026-03-25 16:46:16,BINANCE:ETHUSDT,2180.01,0.0459
2026-03-25 16:46:16,BINANCE:BNBUSDT,649.22,3
2026-03-25 16:46:16,BINANCE:BNBUSDT,649.21,0.017
2026-03-25 16:46:16,BINANCE:BTCUSDT,71213.39,0.0002
2026-03-25 16:46:16,BINANCE:BNBUSDT,649.21,0.39
2026-03-25 16:46:16,BINANCE:BNBUSDT,649.21,0.008
2026-03-25 16:46:16,BINANCE:BNBUSDT,649.21,0.008
2026-03-25 16:46:16,BINANCE:BNBUSDT,649.21,0.008
2026-03-25 16:46:16,BINANCE:BNBUSDT,649.2,0.009
2026-03-25 16:46:16,BINANCE:BNBUSDT,649.2,0.008
2026-03-25 16:46:16,BINANCE:BNBUSDT,649.2,0.003
2026-03-25 16:46:16,BINANCE:BNBUSDT,649.2,0.005
2026-03-25 16:46:16,BINANCE:BNBUSDT,649.2,0.008
2026-03-25 16:46:16,BINANCE:BNBUSDT,649.2,0.008
2026-03-25 16:46:16,BINANCE:BNBUSDT,649.19,0.002
2026-03-25 16:46:16,BINANCE:BNBUSDT,649.19,0.007
2026-03-25 16:46:16,BINANCE:BNBUSDT,649.19,0.009
2026-03-25 16:46:16,BINANCE:BNBUSDT,649.19,0.008
2026-03-25 16:46:16,BINANCE:BNBUSDT,649.19,0.009
2026-03-25 16:46:16,BINANCE:BNBUSDT,649.19,0.009
2026-03-25 16:46:16,BINANCE:BNBUSDT,649.19,0.008
2026-03-25 16:46:16,BINANCE:BNBUSDT,649.19,0.008
2026-03-25 16:46:16,BINANCE:BNBUSDT,649.19,0.009
2026-03-25 16:46:16,BINANCE:BNBUSDT,649.19,0.008
2026-03-25 16:46:16,BINANCE:BNBUSDT,649.19,0.008
2026-03-25 16:46:16,BINANCE:BNBUSDT,649.19,0.001
2026-03-25 16:46:16,BINANCE:BNBUSDT,649.19,0.009
2026-03-25 16:46:16,BINANCE:BNBUSDT,649.19,0.009
2026-03-25 16:46:16,BINANCE:BNBUSDT,649.19,0.009
2026-03-25 16:46:16,BINANCE:BNBUSDT,649.18,0.004
2026-03-25 16:46:16,BINANCE:BTCUSDT,71213.38,8e-05
2026-03-25 16:46:16,BINANCE:BTCUSDT,71213.38,8e-05
2026-03-25 16:46:16,BINANCE:BTCUSDT,71213.38,8e-05
2026-03-25 16:46:16,BINANCE:BTCUSDT,71213.38,8e-05
2026-03-25 16:46:16,BINANCE:BTCUSDT,71213.38,0.00015
2026-03-25 16:46:16,BINANCE:BTCUSDT,71213.38,8e-05
2026-03-25 16:46:16,BINANCE:BTCUSDT,71213.38,0.00015
2026-03-25 16:46:16,BINANCE:BTCUSDT,71213.38,8e-05
2026-03-25 16:46:16,BINANCE:BTCUSDT,71213.38,8e-05
2026-03-25 16:46:16,BINANCE:BTCUSDT,71213.38,8e-05
2026-03-25 16:46:16,BINANCE:BTCUSDT,71213.38,8e-05
2026-03-25 16:46:16,BINANCE:BTCUSDT,71213.38,8e-05
2026-03-25 16:46:16,BINANCE:BTCUSDT,71213.38,8e-05
2026-03-25 16:46:16,BINANCE:BTCUSDT,71213.38,8e-05
2026-03-25 16:46:16,BINANCE:BTCUSDT,71213.38,0.00151
2026-03-25 16:46:16,BINANCE:BNBUSDT,649.18,0.018
2026-03-25 16:46:16,BINANCE:BNBUSDT,649.18,0.002
2026-03-25 16:46:16,BINANCE:BNBUSDT,649.18,0.009
2026-03-25 16:46:16,BINANCE:BNBUSDT,649.18,0.008
2026-03-25 16:46:16,BINANCE:BNBUSDT,649.17,0.012
2026-03-25 16:46:16,BINANCE:BNBUSDT,649.17,0.008
2026-03-25 16:46:16,BINANCE:BNBUSDT,649.17,0.009
2026-03-25 16:46:16,BINANCE:BNBUSDT,649.18,0.757
2026-03-25 16:46:16,BINANCE:BNBUSDT,649.18,2.253
2026-03-25 16:46:16,BINANCE:BNBUSDT,649.17,0.009
2026-03-25 16:46:16,BINANCE:BNBUSDT,649.17,0.007
2026-03-25 16:46:16,BINANCE:BNBUSDT,649.17,0.001
2026-03-25 16:46:16,BINANCE:BNBUSDT,649.17,0.009
2026-03-25 16:46:16,BINANCE:BNBUSDT,649.17,0.009
2026-03-25 16:46:17,BINANCE:BNBUSDT,649.17,0.009
2026-03-25 16:46:17,BINANCE:BNBUSDT,649.17,0.009
2026-03-25 16:46:17,BINANCE:BNBUSDT,649.17,0.008
2026-03-25 16:46:17,BINANCE:BNBUSDT,649.17,0.009
2026-03-25 16:46:17,BINANCE:BNBUSDT,649.17,0.009
2026-03-25 16:46:17,BINANCE:BNBUSDT,649.17,0.003
2026-03-25 16:46:17,BINANCE:BNBUSDT,649.17,0.005
2026-03-25 16:46:17,BINANCE:BNBUSDT,649.17,0.009
2026-03-25 16:46:17,BINANCE:BNBUSDT,649.17,0.009
2026-03-25 16:46:17,BINANCE:BNBUSDT,649.17,0.009
2026-03-25 16:46:17,BINANCE:BNBUSDT,649.17,0.009
2026-03-25 16:46:17,BINANCE:BNBUSDT,649.17,0.008
2026-03-25 16:46:17,BINANCE:BNBUSDT,649.17,0.009
2026-03-25 16:46:17,BINANCE:BNBUSDT,649.17,0.009
2026-03-25 16:46:17,BINANCE:BNBUSDT,649.17,0.008
